ministry_id,ministry_name,department_id,department_name,jurisdiction,document_count,pdf_count
166,Govt of Maharashtra,1512,Environment Department,STATE,35,0
88,NO MINISTRY,477,Labour,STATE,307,18
11,Ministry of Commerce and Industry,12,Department of Commerce,CENTRAL,520,3
83,NO MINISTRY,1113,Finance Department,STATE,335,0
88,NO MINISTRY,464,"Environment,Forest & Climate Change",STATE,120,0
82,NO MINISTRY,932,Department of Industries and Commerce,STATE,40,3
11,Ministry of Commerce and Industry,61,Department of Promotion of Industry and Internal Trade,CENTRAL,541,0
86,NO MINISTRY,767,Revenue,STATE,305,3
58,NO MINISTRY,532,Finance (Taxation) Department,STATE,99,6
123,Meghalaya Law Department,384,Law Department,STATE,1896,0
82,NO MINISTRY,956,Department of Housing and Urban Development,STATE,10,3
3,Ministry of Law and Justice,3,Department of Justice,CENTRAL,489,0
60,NO MINISTRY,1033,Police Department,UNION_TERRITORY,79,0
70,NO MINISTRY,725,"Home, Prison and Disaster Management Department, Government of Jharkhand",STATE,8,3
2,Ministry of Finance,2,Department of Revenue,CENTRAL,3453,6
2,Ministry of Finance,11,Department of Economic Affairs,CENTRAL,639,6
69,NO MINISTRY,628,Higher Education,UNION_TERRITORY,212,0
89,NO MINISTRY,390,DEPARTMENT OF EDUCATION,STATE,55,0
58,NO MINISTRY,549,Parliamentary Affairs Department,STATE,24,3
83,NO MINISTRY,1109,Animal Husbandry Department,STATE,116,0
71,NO MINISTRY,581,Education Department,STATE,157,9
86,NO MINISTRY,751,"Health, Medical and Family Welfare",STATE,119,0
83,NO MINISTRY,1088,Agriculture Department,STATE,213,0
88,NO MINISTRY,504,Small Scale Industries & Export Promotion,STATE,35,0
5,Ministry of Home Affairs,5,Department of States,CENTRAL,3435,3
131,No Ministry,674,Sikkim Legislative Assembly,STATE,8,3
83,NO MINISTRY,1097,Higher Education Department,STATE,48,6
64,NO MINISTRY,854,Department of Trade & Taxes,UNION_TERRITORY,1080,6
166,Govt of Maharashtra,1464,"Co-operation, Marketing and Textiles Department",STATE,320,0
3,Ministry of Law and Justice,46,Department of Legal Affairs,CENTRAL,350,0
88,NO MINISTRY,448,State tax,STATE,848,24
69,NO MINISTRY,637,Housing and Urban Development,UNION_TERRITORY,671,0
88,NO MINISTRY,509,Transport,STATE,98,0
83,NO MINISTRY,1125,Local Self Government,STATE,816,3
5,Ministry of Home Affairs,23,Department of Internal Security,CENTRAL,1812,6
89,NO MINISTRY,740,DEPARTMENT OF AGRICULTURE AND FARMER WELFARE,STATE,95,0
166,Govt of Maharashtra,857,Home Department,STATE,726,0
28,Ministry of Defence,1408,Department of Military Affairs,CENTRAL,485,3
3,Ministry of Law and Justice,20,Legislative Department,CENTRAL,2225,3
88,NO MINISTRY,479,Language,STATE,15,12
166,Govt of Maharashtra,1466,"Industries, Energy and Labour Department",STATE,466,0
82,NO MINISTRY,1051,Registrar of Cooperative Societies,STATE,9,6
166,Govt of Maharashtra,1520,Rural Development and Water conservation Department,STATE,201,6
166,Govt of Maharashtra,855,Law and Judiciary Department,STATE,623,12
69,NO MINISTRY,644,Rural Development and Panchayati Raj,UNION_TERRITORY,89,0
67,NO MINISTRY,104,EXCISE AND TAXTATION,STATE,410,18
166,Govt of Maharashtra,858,Finance Department,STATE,1109,9
166,Govt of Maharashtra,1477,Urban Development Department,STATE,859,0
83,NO MINISTRY,1139,Revenue Department,STATE,815,3
59,NO MINISTRY,737,COMMERCIAL TAXES DEPARTMENT,STATE,357,9
64,NO MINISTRY,801,Directorate of Agricultural Marketing,UNION_TERRITORY,6,3
166,Govt of Maharashtra,1468,Medical Education and Drugs Department,STATE,353,0
26,"Ministry of Personnel, Public Grievances and Pensions",36,Department of Personnel and Training,CENTRAL,308,3
166,Govt of Maharashtra,1465,Housing Department,STATE,353,0
69,NO MINISTRY,625,Cooperatives Department,UNION_TERRITORY,140,0
34,Ministry of Youth Affairs and Sports,53,Department of Youth Affairs,CENTRAL,61,0
61,State Government,1182,DEPARTMENT OF LABOUR,STATE,72,3
12,Ministry of Health and Family Welfare,13,Department of Health and Family Welfare,CENTRAL,861,3
166,Govt of Maharashtra,1463,Higher and Technical Education Department,STATE,598,0
69,NO MINISTRY,642,General Administration Department,UNION_TERRITORY,23,0
88,NO MINISTRY,481,Medical Education,STATE,171,6
88,NO MINISTRY,1426,Urban development,STATE,927,0
67,NO MINISTRY,1531,"Department of Environment & Climate Change, Haryana",STATE,83,3
5,Ministry of Home Affairs,40,Department of Home,CENTRAL,350,3
83,NO MINISTRY,1148,Urban Development and Housing Department,STATE,555,0
166,Govt of Maharashtra,1521,Skill Development Department,STATE,99,6
83,NO MINISTRY,1119,Home Department,STATE,260,3
83,NO MINISTRY,1110,"Disaster Management, Relief and Civil Defense Department",STATE,58,0
2,Ministry of Finance,88,Department of Investment and Public Asset Management,CENTRAL,17,0
70,NO MINISTRY,439,"Higher Technical Education and Skill Development Department, Government of Jharkhand",STATE,562,0
67,NO MINISTRY,127,FOREST DEPARTMENT,STATE,351,3
87,NO MINISTRY,911,Commissioner of Taxes,STATE,264,6
67,NO MINISTRY,115,TECHNICAL EDUCATION,STATE,7,6
85,NO MINISTRY,729,"Health and Family Welfare Department, Government of Tamil Nadu",STATE,34,0
2,Ministry of Finance,33,Department of Financial Services,CENTRAL,1668,6
82,NO MINISTRY,952,Department of Excise and Taxation,STATE,236,3
85,NO MINISTRY,692,"Industries Department, Government of Tamil Nadu",STATE,54,0
88,NO MINISTRY,446,Cane Development,STATE,42,0
9,Ministry of Education,30,Department of Higher Education,CENTRAL,1273,0
69,NO MINISTRY,631,"Forest, Ecology and Environment.",UNION_TERRITORY,64,0
166,Govt of Maharashtra,1083,Revenue & Forest Department,STATE,1074,0
72,NO MINISTRY,404,Law,STATE,206,9
88,NO MINISTRY,1514,CONFIDENTIAL(GOPAN),STATE,68,6
166,Govt of Maharashtra,856,General Administration Department,STATE,219,3
88,NO MINISTRY,471,Housing and Urban Planning,STATE,257,0
21,"Ministry of Consumer Affairs, Food and Public Distribution",28,Department of Food and Public Distribution,CENTRAL,203,3
90,NO MINISTRY,1409,Law Department,STATE,1184,6
83,NO MINISTRY,1123,Labour Skill Employment & Entrepreneurship Department,STATE,93,3
9,Ministry of Education,9,Department of School Education and Literacy,CENTRAL,124,3
63,NO MINISTRY,883,Department of Social Welfare & Women & Child Development,UNION_TERRITORY,4,3
85,NO MINISTRY,372,"Labour and Employment Department, Government of Tamil Nadu",STATE,60,3
67,NO MINISTRY,111,ANIMAL HUSBANDRY & DAIRYING DEPARTMENT,STATE,74,6
71,NO MINISTRY,597,Rural Development and Panchayat Raj Department,STATE,33,3
88,NO MINISTRY,470,Horticulture,STATE,65,0
61,State Government,1230,DEPARTMENT OF AGRICULTURE DEVELOPMENT AND FARMER WELFARE AND BIO-TECHNOLOGY,STATE,57,3
64,NO MINISTRY,817,Directorate of Economics and Statistics,UNION_TERRITORY,15,0
69,NO MINISTRY,337,"Department of Law,Justice and Parliamentary Affairs",UNION_TERRITORY,85,0
83,NO MINISTRY,1146,Transport Department,STATE,51,0
80,NO MINISTRY,203,Law,STATE,191,3
88,NO MINISTRY,445,Backward Welfare,STATE,17,0
69,NO MINISTRY,635,Horticulture,UNION_TERRITORY,23,0
87,NO MINISTRY,1554,Office of the Principal Chief Conservator of Forests &amp; HoFF,STATE,22,0
88,NO MINISTRY,482,Medical Health,STATE,114,0
71,NO MINISTRY,596,Revenue Department,STATE,65,0
23,Ministry of Agriculture and Farmers Welfare,62,Department of Animal Husbandry and Dairying,CENTRAL,209,0
89,NO MINISTRY,521,DEPARTMENT OF DRINKING WATER,STATE,27,0
85,NO MINISTRY,776,"Home, Prohibition and Excise Department, Government of Tamil Nadu",STATE,116,0
70,NO MINISTRY,701,"Revenue,Registration and Land Reforms Department, Government of Jharkhand",STATE,10,0
88,NO MINISTRY,449,Cooperative,STATE,120,0
23,Ministry of Agriculture and Farmers Welfare,31,"Department of Agriculture, Cooperation and Farmers Welfare",CENTRAL,449,3
171,FINANCE,1220,FINANCE,STATE,76,0
74,NO MINISTRY,281,Social Justice and disabled Person Welfare Department,STATE,8,0
89,NO MINISTRY,386,DEPARTMENT OF FINANCE,STATE,120,0
88,NO MINISTRY,1428,Ayush,STATE,138,0
71,NO MINISTRY,587,Home Department,STATE,28,0
21,"Ministry of Consumer Affairs, Food and Public Distribution",44,Department of Consumer Affairs,CENTRAL,241,0
5,Ministry of Home Affairs,34,Department of Jammu and Kashmir Affairs,CENTRAL,87,0
88,NO MINISTRY,486,Panchayati Raj,STATE,282,0
131,No Ministry,991,Law and Legislative Department,STATE,16,0
87,NO MINISTRY,1037,Labour Directorate,STATE,9,0
58,NO MINISTRY,569,Welfare of Plain Tribes and Backward Classes Department,STATE,15,0
88,NO MINISTRY,1429,Technical Education,STATE,155,0
74,NO MINISTRY,260,Commercial Taxes Department,STATE,452,0
28,Ministry of Defence,38,Department of Defence,CENTRAL,403,0
57,NO MINISTRY,208,LAW AND JUDICIAL,STATE,234,0
74,NO MINISTRY,256,General Administration Department,STATE,24,0
80,NO MINISTRY,611,Fisheries & Animal Resources Development (F&ARD),STATE,31,0
56,NO MINISTRY,348,B.C. Welfare Department,STATE,5,0
76,NO MINISTRY,177,Law and Legislative Affairs Department,STATE,37,0
67,NO MINISTRY,1636,Fire and Emergency Services Department,STATE,6,0
58,NO MINISTRY,535,Environments and Forest Department,STATE,11,0
69,NO MINISTRY,654,Finance,UNION_TERRITORY,227,0
166,Govt of Maharashtra,1469,Minorities Department,STATE,9,0
58,NO MINISTRY,541,Home Department,STATE,45,0
82,NO MINISTRY,937,Department of School Education,STATE,40,0
14,Ministry of Heavy Industries and Public Enterprises,15,Department of Heavy Industry,CENTRAL,89,0
61,State Government,1073,DEPARTMENT OF COMMERCIAL TAX,STATE,136,0
88,NO MINISTRY,484,Minority Welfare,STATE,84,0
88,NO MINISTRY,487,Parliamentary Affairs,STATE,50,0
85,NO MINISTRY,217,"Public Department, Government of Tamil Nadu",STATE,32,0
70,NO MINISTRY,697,"Commercial Taxes Department, Government of Jharkhand",STATE,365,0
85,NO MINISTRY,371,"Backward Classes(BC), Most Backward Classes(MBC) and Minorities Welfare Department, Government of Tamil Nadu",STATE,70,0
69,NO MINISTRY,618,Industries and Commerce Department,UNION_TERRITORY,96,0
69,NO MINISTRY,652,PHE(I&FC),UNION_TERRITORY,121,0
83,NO MINISTRY,1142,Social Justice Empowerment Department,STATE,104,0
83,NO MINISTRY,1133,Public Health Engineering Department(PHED),STATE,51,0
166,Govt of Maharashtra,1462,"Agriculture, Animal Husbandry, Dairy Development and Fisheries Department",STATE,331,0
87,NO MINISTRY,921,Directorate of Panchayats,STATE,9,0
88,NO MINISTRY,500,Secondary Education,STATE,146,0
85,NO MINISTRY,248,"Adi Dravidar and Tribal Welfare Department, Government of Tamil Nadu",STATE,40,0
61,State Government,1053,DEPARTMENT OF REVENUE AND DISASTER MANAGEMENT,STATE,44,0
199,Ministry of Jal Shaktri,1516,"Department of Water Resources, River Development and Ganga Rejuvenation",CENTRAL,222,0
83,NO MINISTRY,1130,Parliamentary Affairs Department,STATE,71,0
88,NO MINISTRY,1425,Basic Education,STATE,37,0
25,Ministry of Social Justice and Empowerment,54,Department of Empowerment of Persons with Disabilities,CENTRAL,127,0
61,State Government,1209,DEPARTMENT OF ANIMAL HUSBANDRY,STATE,11,0
88,NO MINISTRY,441,Agriculture,STATE,107,0
88,NO MINISTRY,495,Revenue,STATE,567,0
76,NO MINISTRY,163,Rural Development and Panchayati Raj,STATE,5,0
64,NO MINISTRY,850,Transport Department,UNION_TERRITORY,38,0
83,NO MINISTRY,1100,Medical Education Department,STATE,72,0
76,NO MINISTRY,188,Finance Department,STATE,18,0
66,NO MINISTRY,228,"Agriculture, Farmer Welfare and Co-operation Department",STATE,13,0
65,NO MINISTRY,927,"Revenue Department, Government of Goa",STATE,34,0
88,NO MINISTRY,461,Finance,STATE,68,0
65,NO MINISTRY,1085,"Transport Department, Government of Goa",STATE,10,0
85,NO MINISTRY,1061,"Environment and Forests Department, Tamil Nadu",STATE,88,0
63,NO MINISTRY,1196,Department of Revenue,UNION_TERRITORY,7,0
12,Ministry of Health and Family Welfare,72,Department of Health Research,CENTRAL,67,0
74,NO MINISTRY,268,Energy Department,STATE,88,0
88,NO MINISTRY,451,Culture,STATE,132,0
82,NO MINISTRY,939,Department of Water Resources,STATE,30,0
37,Ministry of Communications,58,Department of Telecommunications,CENTRAL,181,0
88,NO MINISTRY,458,Estate,STATE,19,0
72,NO MINISTRY,1253,Health & Family Welfare,STATE,4,0
69,NO MINISTRY,638,Home,UNION_TERRITORY,166,0
166,Govt of Maharashtra,1478,Water Resources Department,STATE,336,0
88,NO MINISTRY,475,Irrigation & Water Resources,STATE,100,0
58,NO MINISTRY,561,Revenue Department,STATE,83,0
166,Govt of Maharashtra,1467,Marathi Languages Department,STATE,37,0
88,NO MINISTRY,452,Dairy Development,STATE,16,0
85,NO MINISTRY,247,"Home Department, Government of Tamil Nadu",STATE,22,0
61,State Government,1018,DEPARTMENT OF PARLIAMENTARY AFFAIRS,STATE,25,0
65,NO MINISTRY,1385,"Department of Personnel, Government of Goa",STATE,4,0
61,State Government,1084,DEPARTMENT OF TRANSPORT,STATE,51,0
91,Andaman and Nicobar Administration,1361,Department of Revenue,UNION_TERRITORY,12,0
80,NO MINISTRY,760,Food Supplies & Consumer Welfare,STATE,35,0
69,NO MINISTRY,648,Floriculture,UNION_TERRITORY,12,0
87,NO MINISTRY,909,Directorate of Social Welfare & Social Education,STATE,13,0
88,NO MINISTRY,474,Infrastructure & Industrial Development,STATE,111,0
88,NO MINISTRY,514,Vigilance,STATE,23,0
58,NO MINISTRY,570,Guwahati Development Department,STATE,39,0
117,Home,800,Home,STATE,33,0
72,NO MINISTRY,1257,Industries and Commerce,STATE,13,0
74,NO MINISTRY,276,Law and Legislative Affairs Department,STATE,14,0
81,NO MINISTRY,837,LAW DEPARTMENT,UNION_TERRITORY,87,0
56,NO MINISTRY,359,Water Resources Department,STATE,5,0
74,NO MINISTRY,257,Jail Department,STATE,14,0
25,Ministry of Social Justice and Empowerment,35,Department of Social Justice and Empowerment,CENTRAL,140,0
58,NO MINISTRY,545,Judicial Department,STATE,45,0
85,NO MINISTRY,245,"Revenue and Disaster Management Department, Government of Tamil Nadu",STATE,36,0
60,NO MINISTRY,1020,Chandigarh Transport Undertaking,UNION_TERRITORY,8,0
83,NO MINISTRY,1108,Elementary Education Department,STATE,41,0
69,NO MINISTRY,634,Animal and Sheep Husbandary,UNION_TERRITORY,43,0
74,NO MINISTRY,270,Co- operation Department,STATE,16,0
61,State Government,1017,"DEPARTMENT OF FOOD, CIVIL SUPPLIES AND CONSUMER PROTECTION",STATE,28,0
59,NO MINISTRY,902,CABINET SECRETARIAT DEPARTMENT,STATE,5,0
59,NO MINISTRY,903,CO-OPERATIVE DEPARTMENT,STATE,11,0
91,Andaman and Nicobar Administration,1362,Department of Social Welfare,UNION_TERRITORY,73,0
166,Govt of Maharashtra,1473,School Education and Sports Department,STATE,176,0
86,NO MINISTRY,743,Agriculture and Cooperation,STATE,112,0
166,Govt of Maharashtra,1181,Water Supply and Sanitation Department,STATE,94,0
83,NO MINISTRY,1124,Law and Legal Affairs Department,STATE,193,0
85,NO MINISTRY,691,"Commercial Taxes and Registration Department, Government of Tamil Nadu",STATE,57,0
83,NO MINISTRY,1101,Minority Affairs Department,STATE,35,0
61,State Government,1185,DEPARTMENT OF HOME,STATE,44,0
74,NO MINISTRY,283,"Food,Civil Supplies and Consumer Protection Department",STATE,25,0
56,NO MINISTRY,346,Finance Department,STATE,1,0
89,NO MINISTRY,391,DEPARTMENT OF ENERGY,STATE,25,0
88,NO MINISTRY,506,Sports,STATE,37,0
88,NO MINISTRY,469,Home,STATE,208,0
60,NO MINISTRY,1162,Social Welfare,UNION_TERRITORY,49,0
61,State Government,1166,DEPARTMENT OF FINANCE,STATE,54,0
83,NO MINISTRY,1115,Forest department,STATE,19,0
82,NO MINISTRY,950,Department of Tourism and Cultural Affairs,STATE,40,0
80,NO MINISTRY,1280,Tourism,STATE,20,0
60,NO MINISTRY,901,Estate Office,UNION_TERRITORY,125,0
166,Govt of Maharashtra,1472,Public Works Department,STATE,110,0
61,State Government,1045,DEPARTMENT OF MINERAL RESOURCES,STATE,30,0
83,NO MINISTRY,1144,Technical Education Department,STATE,170,0
58,NO MINISTRY,531,Excise Department,STATE,13,0
71,NO MINISTRY,407,Horticulture Department,STATE,3,0
74,NO MINISTRY,293,Aviation Department,STATE,4,0
88,NO MINISTRY,1438,Vocational Education & Skill Development,STATE,7,0
88,NO MINISTRY,453,Dharmarth,STATE,66,0
61,State Government,1026,DEPARTMENT OF TECHNICAL EDUCATION,STATE,4,0
83,NO MINISTRY,1117,Gopalan Department,STATE,38,0
91,Andaman and Nicobar Administration,1500,Department of Science and Technology,UNION_TERRITORY,8,0
87,NO MINISTRY,918,Directorate of Urban Development,STATE,12,0
61,State Government,1048,DEPARTMENT OF URBAN ADMINISTRATION,STATE,68,0
61,State Government,1064,DEPARTMENT OF HIGHER EDUCATION,STATE,31,0
74,NO MINISTRY,303,Public Service Management Department,STATE,48,0
35,Ministry of Chemicals and Fertilizers,55,Department of Chemicals and Petro-Chemicals,CENTRAL,71,0
69,NO MINISTRY,627,School Education Department,UNION_TERRITORY,60,0
18,Ministry of Rural Development,43,Department of Land Resources,CENTRAL,368,0
69,NO MINISTRY,624,"Disaster Management, Relief and Rehabilitation",UNION_TERRITORY,11,0
74,NO MINISTRY,274,Public Works Department,STATE,1,0
86,NO MINISTRY,772,"Department for Women, Children, Disabled and Senior Citizens",STATE,25,0
69,NO MINISTRY,607,Revenue,UNION_TERRITORY,325,0
88,NO MINISTRY,496,Rural Development,STATE,67,0
65,NO MINISTRY,1028,"Co-operative Department, Government of Goa",STATE,5,0
82,NO MINISTRY,970,Department of Governance Reforms,STATE,5,0
60,NO MINISTRY,1452,"Director Health & Family Welfare-cum-Mission, National Health Mission",UNION_TERRITORY,14,0
61,State Government,1065,DEPARTMENT OF FOREST AND CLIMATE CHANGE,STATE,31,0
61,State Government,1295,DEPARTMENT OF SCHOOL EDUCATION,STATE,31,0
88,NO MINISTRY,463,Food & Civil Supplies,STATE,37,0
59,NO MINISTRY,834,GENERAL ADMINISTRATIVE DEPARTMENT,STATE,10,0
82,NO MINISTRY,985,Department of Social Security,STATE,7,0
66,NO MINISTRY,325,Energy and Petro-chemicals Department,STATE,5,0
59,NO MINISTRY,252,FINANCE DEPARTMENT,STATE,25,0
85,NO MINISTRY,726,"Municipal Administration and Water Supply Department, Government of Tamil Nadu",STATE,34,0
61,State Government,1198,DEPARTMENT OF HEALTH AND FAMILY WELFARE,STATE,35,0
86,NO MINISTRY,755,Industries and Commerce,STATE,96,0
88,NO MINISTRY,443,Animal Husbandary,STATE,94,0
60,NO MINISTRY,1031,Director of Industries,UNION_TERRITORY,7,0
60,NO MINISTRY,1453,Government Medical College & Hospital Chandigarh-32,UNION_TERRITORY,18,0
83,NO MINISTRY,1126,Medical and Health Department,STATE,70,0
69,NO MINISTRY,649,Social Welfare,UNION_TERRITORY,115,0
83,NO MINISTRY,1094,Cooperative Department,STATE,124,0
88,NO MINISTRY,468,Higher Education,STATE,276,0
63,NO MINISTRY,1195,Department of Law & Justice,UNION_TERRITORY,10,0
71,NO MINISTRY,412,Department of Personnel & Administrative Reforms,STATE,130,0
83,NO MINISTRY,1149,Water Resources Department,STATE,123,0
87,NO MINISTRY,1517,Revenue Department,STATE,15,0
74,NO MINISTRY,301,Ayush Department,STATE,2,0
87,NO MINISTRY,1283,Directorate of Land Records & Settlement,STATE,7,0
86,NO MINISTRY,763,Municipal Administration and Urban Development,STATE,56,0
60,NO MINISTRY,1063,Labour Department,UNION_TERRITORY,42,0
34,Ministry of Youth Affairs and Sports,92,Department of Sports,CENTRAL,69,0
63,NO MINISTRY,876,"Fire Department, Daman",UNION_TERRITORY,2,0
89,NO MINISTRY,1171,DEPARTMENT OF SUPPLY AND CONSUMER AFFAIRS,STATE,6,0
60,NO MINISTRY,1030,Registrar Cooperative Societies,UNION_TERRITORY,7,0
66,NO MINISTRY,152,Industries and Mines Department,STATE,11,0
91,Andaman and Nicobar Administration,1360,"Department of RD, PRIs and ULBs",UNION_TERRITORY,36,0
56,NO MINISTRY,338,REVENUE DEPARTMENT,STATE,31,0
166,Govt of Maharashtra,1499,Women and Child Development Department,STATE,82,0
23,Ministry of Agriculture and Farmers Welfare,1395,Department of Fisheries,CENTRAL,48,0
58,NO MINISTRY,534,Water Resources Department,STATE,5,0
71,NO MINISTRY,409,Commerce & Industries Department,STATE,17,0
60,NO MINISTRY,1655,Art and Culture,UNION_TERRITORY,1,0
85,NO MINISTRY,244,"School Education Department, Government of Tamil Nadu",STATE,71,0
83,NO MINISTRY,1102,Department of Personnel,STATE,57,0
59,NO MINISTRY,1497,LABOUR RESOURCES DEPARTMENT,STATE,52,0
69,NO MINISTRY,632,Health and Medical Education Department,UNION_TERRITORY,38,0
74,NO MINISTRY,307,"Micro, Small and Medium Enterprises Department",STATE,3,0
72,NO MINISTRY,1258,Labour and Skills,STATE,19,0
83,NO MINISTRY,1145,Tourism Department,STATE,9,0
63,NO MINISTRY,859,Department of Personnel and Administrative Reforms,UNION_TERRITORY,8,0
172,HOME,1221,HOME,STATE,11,0
88,NO MINISTRY,444,Personnel department,STATE,58,0
86,NO MINISTRY,759,"Labour Employment, Training and Factories",STATE,7,3
74,NO MINISTRY,284,Culture Department,STATE,85,0
66,NO MINISTRY,319,Labour and Employment Department,STATE,5,0
63,NO MINISTRY,861,Weight & Measurement and Legal Metrology,UNION_TERRITORY,3,0
83,NO MINISTRY,1095,Energy Department,STATE,68,0
69,NO MINISTRY,622,Culture,UNION_TERRITORY,59,0
74,NO MINISTRY,277,Panchayat and Rural Development Department,STATE,62,0
82,NO MINISTRY,979,Department of New and Renewable Energy Sources,STATE,9,0
58,NO MINISTRY,552,Personnel Department,STATE,12,0
83,NO MINISTRY,1121,Industries,STATE,154,0
71,NO MINISTRY,402,Urban Development Department,STATE,66,0
72,NO MINISTRY,1248,Fisheries,STATE,5,0
88,NO MINISTRY,505,Social Welfare,STATE,38,0
85,NO MINISTRY,145,"Law Department, Government of Tamil Nadu",STATE,18,0
69,NO MINISTRY,639,Tourism,UNION_TERRITORY,105,0
58,NO MINISTRY,540,Hill Areas Department,STATE,9,0
83,NO MINISTRY,1141,Secondary Education,STATE,74,0
189,NO MINISTRY,1486,Revenue Department,UNION_TERRITORY,5,0
59,NO MINISTRY,1569,ENERGY DEPARTMENT,STATE,27,0
59,NO MINISTRY,835,INDUSTRY DEPARTMENT,STATE,36,0
189,NO MINISTRY,1412,Law and Justice Department,UNION_TERRITORY,9,0
61,State Government,1025,DEPARTMENT OF PANCHAYAT AND RURAL DEVELOPMENT,STATE,52,0
63,NO MINISTRY,875,Department of Fisheries,UNION_TERRITORY,5,0
85,NO MINISTRY,213,"Housing and Urban Development Department, Government of Tamil Nadu",STATE,92,0
89,NO MINISTRY,518,DEPARTMENT OF SOCIAL WELFARE,STATE,2,0
59,NO MINISTRY,779,WATER RESOURCES DEPARTMENT,STATE,5,0
67,NO MINISTRY,107,DEPARTMENT OF SPORTS &amp; YOUTH AFFAIRS,STATE,20,0
85,NO MINISTRY,210,"Agriculture Department, Government of Tamil Nadu",STATE,40,0
59,NO MINISTRY,731,"REGISTRATION, EXCISE & PROHIBITION",STATE,30,0
67,NO MINISTRY,1620,Panchkula Metropolitan Development Authority,STATE,15,0
83,NO MINISTRY,1137,Redressal of Public Grievance Department (RPG),STATE,24,0
35,Ministry of Chemicals and Fertilizers,59,Department of Pharmaceuticals,CENTRAL,35,0
120,Law,1624,Law English Wing,STATE,4,0
88,NO MINISTRY,508,Tourism,STATE,188,0
88,NO MINISTRY,515,Women Welfare,STATE,27,0
76,NO MINISTRY,995,Tribal Affairs and Hills Department,STATE,8,0
23,Ministry of Agriculture and Farmers Welfare,47,Department of Agricultural Research and Education,CENTRAL,123,0
82,NO MINISTRY,942,Department of Food and Civil Supply,STATE,30,0
82,NO MINISTRY,969,Department of Forest and Wild Life,STATE,4,0
67,NO MINISTRY,1535,POWER DEPARTMENT,STATE,1,0
67,NO MINISTRY,1538,Haryana State Agricultural Marketing Board,STATE,34,0
85,NO MINISTRY,211,"Animal Husbandry, Dairying and Fisheries Department, Government of Tamil Nadu",STATE,50,0
74,NO MINISTRY,265,Forest Department,STATE,39,0
166,Govt of Maharashtra,1475,Tourism And Cultural Department,STATE,46,0
82,NO MINISTRY,941,Department of Social Justice Empowerment and Minority,STATE,23,0
85,NO MINISTRY,374,"Rural Development and Panchayat Raj Department, Government of Tamil Nadu",STATE,75,0
86,NO MINISTRY,753,Home,STATE,106,0
61,State Government,1188,DEPARTMENT OF PUBLIC WORKS,STATE,17,0
72,NO MINISTRY,1260,Minority Welfare,STATE,13,0
83,NO MINISTRY,1150,Woman and Child Development Department,STATE,32,0
58,NO MINISTRY,539,Health and Family Welfare Department,STATE,19,0
63,NO MINISTRY,890,"Police Department, Daman.",UNION_TERRITORY,20,0
63,NO MINISTRY,896,Department of Skill Development,UNION_TERRITORY,4,0
64,NO MINISTRY,797,Department of Environment,UNION_TERRITORY,17,0
71,NO MINISTRY,583,Finance Department,STATE,72,0
86,NO MINISTRY,745,Backward Classes Welfare,STATE,21,0
60,NO MINISTRY,1173,Home (judicial),UNION_TERRITORY,36,0
88,NO MINISTRY,513,Vidhai,STATE,77,0
78,NO MINISTRY,231,Law and Judicial Department,STATE,54,0
166,Govt of Maharashtra,1174,Parliamentary Affairs Department,STATE,44,0
74,NO MINISTRY,290,Higher Education Department,STATE,13,0
37,Ministry of Communications,95,Department of Posts,CENTRAL,14,0
88,NO MINISTRY,456,Energy,STATE,102,0
76,NO MINISTRY,190,Education Department,STATE,12,0
70,NO MINISTRY,690,"Mines and Geology Department, Government of Jharkhand",STATE,5,0
89,NO MINISTRY,727,DEPARTMENT OF CULTURE AND RELIGION,STATE,12,0
82,NO MINISTRY,944,Department of Labour,STATE,76,0
91,Andaman and Nicobar Administration,1508,Department of Home Secretariat,UNION_TERRITORY,6,0
74,NO MINISTRY,295,Parliamentrary Affairs Department,STATE,12,0
74,NO MINISTRY,273,Urban Development and Housing Department,STATE,20,0
85,NO MINISTRY,1049,"Higher Education Department, Government of Tamil Nadu",STATE,49,0
82,NO MINISTRY,988,Department of Revenue,STATE,24,0
61,State Government,1179,DEPARTMENT OF HOUSING AND ENVIRONMENT,STATE,28,0
31,Ministry of Science and Technology,49,Department of Science and Technology,CENTRAL,63,0
85,NO MINISTRY,220,"Tourism, Culture and Religious Endowments Department, Government of Tamil Nadu",STATE,31,0
88,NO MINISTRY,507,Stamp & Registration,STATE,78,6
63,NO MINISTRY,871,Department of Value Added Tax/GST,UNION_TERRITORY,45,0
63,NO MINISTRY,863,Department of Education,UNION_TERRITORY,6,0
60,NO MINISTRY,847,Department of Engineering,UNION_TERRITORY,13,0
58,NO MINISTRY,546,Labour and Welfare Department,STATE,23,0
61,State Government,334,DEPARTMENT OF LAW AND LEGISLATIVE AFFAIRS,STATE,86,0
131,No Ministry,1296,Human Resource Development Department,STATE,12,0
86,NO MINISTRY,749,Finance,STATE,62,0
71,NO MINISTRY,600,Women & Child Development Department,STATE,5,0
82,NO MINISTRY,987,Department of Jails,STATE,23,0
72,NO MINISTRY,1267,Revenue,STATE,23,0
89,NO MINISTRY,385,DEPARTMENT OF ANIMAL HUSBANDRY,STATE,19,0
64,NO MINISTRY,803,Directorate of Gurdwara Election,UNION_TERRITORY,3,0
58,NO MINISTRY,547,Urban Development Department,STATE,19,0
88,NO MINISTRY,442,Agriculture Education & Research,STATE,51,0
65,NO MINISTRY,829,"Law Department, Government of Goa",STATE,30,0
61,State Government,1034,DEPARTMENT OF CO-OPERATIVE,STATE,20,0
91,Andaman and Nicobar Administration,1208,Andaman and Nicobar Administration,UNION_TERRITORY,16,0
74,NO MINISTRY,258,Home Department,STATE,19,0
5,Ministry of Home Affairs,1461,Women Safety Division,CENTRAL,32,0
67,NO MINISTRY,138,HIGHER EDUCATION,STATE,12,0
88,NO MINISTRY,483,Namami Gange and Rural Water Supply,STATE,41,0
83,NO MINISTRY,1090,Ayurved and Indian Medicine Department,STATE,13,0
67,NO MINISTRY,126,PRISONS DEPARTMENT,STATE,9,0
83,NO MINISTRY,1096,Environment Department,STATE,30,0
70,NO MINISTRY,721,"Agriculture, Animal Husbandry and Co-operative Department, Government of Jharkhand",STATE,10,0
71,NO MINISTRY,590,"Information Technology, Bio-Technology & Science & Technology Department",STATE,8,0
85,NO MINISTRY,219,"Social Welfare and Nutritious Meal Programme Department, Government of Tamil Nadu",STATE,29,0
88,NO MINISTRY,494,Public Works Department,STATE,62,0
76,NO MINISTRY,185,Forest and Environment Department,STATE,5,0
166,Govt of Maharashtra,1474,Social Justice and Special Assistance Department,STATE,43,0
64,NO MINISTRY,699,Power Department,UNION_TERRITORY,19,0
64,NO MINISTRY,783,Delhi Transport Corporation,UNION_TERRITORY,8,0
88,NO MINISTRY,459,Excise,STATE,99,0
59,NO MINISTRY,841,HEALTH DEPARTMENT,STATE,33,0
83,NO MINISTRY,1131,Planning Department,STATE,43,0
71,NO MINISTRY,406,Agriculture Department,STATE,4,0
89,NO MINISTRY,414,DEPARTMENT OF DISASTER MANAGEMENT,STATE,27,0
74,NO MINISTRY,259,Finance Department,STATE,26,0
66,NO MINISTRY,317,Ports and Transport Department,STATE,40,0
71,NO MINISTRY,153,DEPARTMENT OF PARLIAMENTARY AFFAIRS,STATE,16,0
87,NO MINISTRY,1411,Public Works Department(R&B),STATE,2,0
61,State Government,1081,DEPARTMENT OF CULTURE AND ARCHAEOLOGY,STATE,10,0
61,State Government,1069,DEPARTMENT OF COMMERCE AND INDUSTRIES,STATE,20,0
67,NO MINISTRY,1545,"Department of School Education, Haryana",STATE,4,0
31,Ministry of Science and Technology,82,Department of Secientific and Industrial Research,CENTRAL,28,0
82,NO MINISTRY,966,Department of Health & Family Welfare,STATE,23,0
89,NO MINISTRY,398,DEPARTMENT OFINDUSTRIAL DEVELOPMENT,STATE,5,0
88,NO MINISTRY,455,Empowerment Of Persons With Disabilities,STATE,78,0
69,NO MINISTRY,617,Agriculture Production Department,UNION_TERRITORY,23,0
88,NO MINISTRY,447,Civil Aviation,STATE,10,0
70,NO MINISTRY,716,"ST/SC Minority and Backward Class Welfare Department, Government of Jharkhand",STATE,3,0
70,NO MINISTRY,578,"Law Department, Government of Jharkhand",STATE,4,0
65,NO MINISTRY,1329,"Fisheries Department, Government of Goa",STATE,3,0
64,NO MINISTRY,704,HOME DEPARTMENT,UNION_TERRITORY,8,0
65,NO MINISTRY,1663,Directorate of Fire & Emergency Services,STATE,1,0
66,NO MINISTRY,229,Revenue Department,STATE,25,0
64,NO MINISTRY,796,Department of Social Welfare,UNION_TERRITORY,14,0
189,NO MINISTRY,1480,Finance Department,UNION_TERRITORY,3,0
60,NO MINISTRY,1168,Land Acquisition Department,UNION_TERRITORY,24,0
61,State Government,1055,DEPARTMENT OF ENERGY,STATE,58,0
166,Govt of Maharashtra,1522,Soil and Water Conservation Department,STATE,40,0
71,NO MINISTRY,401,Law department,STATE,22,0
74,NO MINISTRY,292,"Technical Education, Skill Development and Employment Department",STATE,37,0
60,NO MINISTRY,1169,Deputy Commissioner,UNION_TERRITORY,10,0
74,NO MINISTRY,271,Labour Department,STATE,7,0
86,NO MINISTRY,750,General Administration,STATE,11,0
67,NO MINISTRY,616,AGRICULTURE AND FARMERS WELFARE DEPARTMENT,STATE,11,0
65,NO MINISTRY,1216,"Water Resource Department, Government of Goa",STATE,9,0
91,Andaman and Nicobar Administration,1510,Animal Husbandry and Veterinary Services,UNION_TERRITORY,5,0
60,NO MINISTRY,926,Environment,UNION_TERRITORY,27,0
71,NO MINISTRY,593,Labour Department,STATE,13,0
87,NO MINISTRY,377,Law Department,STATE,3,0
88,NO MINISTRY,516,Youth Welfare,STATE,13,0
166,Govt of Maharashtra,1470,Planning Department,STATE,32,0
69,NO MINISTRY,646,Trasnport,UNION_TERRITORY,74,0
88,NO MINISTRY,480,Law,STATE,86,0
65,NO MINISTRY,1228,"Finance Department, Government of Goa",STATE,24,0
86,NO MINISTRY,748,"Environment, Forests, Science and Technology",STATE,42,0
91,Andaman and Nicobar Administration,149,Andaman and Nicobar Police,UNION_TERRITORY,16,0
59,NO MINISTRY,1071,SOCIAL WELFARE DEPARTMENT,STATE,19,0
67,NO MINISTRY,1617,Police Department,STATE,16,0
98,Agriculture,329,Agriculture,STATE,5,0
66,NO MINISTRY,250,Legal Department,STATE,8,0
60,NO MINISTRY,1046,Government Medical College Hospital Sector 16,UNION_TERRITORY,13,0
61,State Government,1294,"DEPARTMENT OF SKILL DEVELOPMENT, TECHNICAL EDUCATION AND EMPLOYMENT",STATE,16,0
58,NO MINISTRY,566,Sports and Youth Welfare Department,STATE,1,0
71,NO MINISTRY,585,"Forest, Environment & Ecology Department",STATE,6,0
58,NO MINISTRY,529,Higher Education Department,STATE,45,0
74,NO MINISTRY,288,Animal Husbandry Department,STATE,13,0
82,NO MINISTRY,965,Department of Local Government,STATE,54,0
67,NO MINISTRY,109,HOME DEPARTMENT,STATE,15,0
86,NO MINISTRY,769,School Education,STATE,5,0
180,LAW AND JUSTICE,1303,LAW AND JUSTICE,STATE,9,0
87,NO MINISTRY,1042,Directorate of Information Technology,STATE,5,0
64,NO MINISTRY,810,Labour Department,UNION_TERRITORY,13,0
63,NO MINISTRY,884,Department of Public Health,UNION_TERRITORY,26,0
60,NO MINISTRY,1439,Department of Personnel,UNION_TERRITORY,4,0
131,No Ministry,1298,Animal Husbandry Livestock Fisheries & Veterinary Services Department,STATE,4,0
72,NO MINISTRY,1247,Finance,STATE,7,0
88,NO MINISTRY,473,Information Technology & Electronics,STATE,35,0
65,NO MINISTRY,1315,"Home Department, Government of Goa",STATE,8,0
89,NO MINISTRY,396,DEPARTMENT OF URBAN DEVELOPMENT,STATE,12,0
74,NO MINISTRY,291,Science and Technology Department,STATE,5,0
74,NO MINISTRY,294,Bhopal Gas Tragedy Relief and Rehabilitation Department,STATE,10,0
61,State Government,1047,DEPARTMENT OF TRIBAL WELFARE,STATE,29,0
60,NO MINISTRY,1219,Education Department (Schools),UNION_TERRITORY,6,0
67,NO MINISTRY,1537,"Information, Public Relations and Languages Department",STATE,2,0
64,NO MINISTRY,789,Department of Women and Child Development,UNION_TERRITORY,21,0
66,NO MINISTRY,323,Urban Development and Urban Housing Department,STATE,14,0
87,NO MINISTRY,1040,Directorate of Industries & Commerce,STATE,3,0
74,NO MINISTRY,266,Industry Policy and Investment Promotion Department,STATE,14,0
66,NO MINISTRY,315,Tribal Development Department,STATE,11,0
131,No Ministry,1311,Health & Family Welfare Department,STATE,3,0
58,NO MINISTRY,527,Co-operation Department,STATE,18,0
88,NO MINISTRY,476,Khadi & Village Industries,STATE,28,0
88,NO MINISTRY,1449,Agriculture Marketing & Forign Trade,STATE,62,0
71,NO MINISTRY,588,Transport Department,STATE,4,0
72,NO MINISTRY,1581,Dairy Development,STATE,2,0
61,State Government,1082,DEPARTMENT OF GENERAL ADMINISTRATION,STATE,49,3
63,NO MINISTRY,887,Department of Animal Husbandry & Veterinary Services,UNION_TERRITORY,11,0
67,NO MINISTRY,102,WELFARE OF SC &amp; BC,STATE,23,0
85,NO MINISTRY,774,"Co-operation, Food and Consumer Protection Department, Government of Tamil Nadu",STATE,11,0
83,NO MINISTRY,1099,Language and Library Department,STATE,2,0
59,NO MINISTRY,1391,SUGERCANE INDUSTRIES DEPARTMENT,STATE,9,0
83,NO MINISTRY,1134,Public Works Department(PWD),STATE,80,0
72,NO MINISTRY,1278,Water Resources,STATE,6,0
88,NO MINISTRY,488,Planning,STATE,21,0
26,"Ministry of Personnel, Public Grievances and Pensions",89,Department of Pension and Pensioners Welfare,CENTRAL,17,0
166,Govt of Maharashtra,1476,Tribal Development Department,STATE,20,0
86,NO MINISTRY,758,Irrigation and Command Area Development,STATE,13,0
87,NO MINISTRY,907,Directorate of School Education(Legal Affairs Unit),STATE,6,0
56,NO MINISTRY,352,Animal Husbandry & Dairy Development & Fisheries Department,STATE,8,0
82,NO MINISTRY,946,Department of Animal Husbandry,STATE,10,0
82,NO MINISTRY,961,Department of Agriculture,STATE,43,0
86,NO MINISTRY,752,Higher Education,STATE,9,0
59,NO MINISTRY,738,REVENUE & LAND REFORMS DEPARTMENT,STATE,21,0
67,NO MINISTRY,613,"IRRIGATION & WATER RESOURCES DEPARTMENT, HARYANA",STATE,15,0
86,NO MINISTRY,742,Law,STATE,64,0
83,NO MINISTRY,1116,General Administration Department,STATE,26,0
61,State Government,1597,DEPARTMENT OF PUBLIC RELATION,STATE,2,0
87,NO MINISTRY,913,Directorate of Higher Education (Legal Affairs Unit),STATE,9,0
82,NO MINISTRY,996,Department of State Election Commission,STATE,2,0
67,NO MINISTRY,134,FOOD CIVIL SUPPLIES & CONSUMER AFFAIRS,STATE,26,0
59,NO MINISTRY,851,TRANSPORT DEPARTMENT,STATE,36,0
63,NO MINISTRY,891,"Daman Municipal Council, Daman.",UNION_TERRITORY,11,0
60,NO MINISTRY,1032,Excise and Taxation Department,UNION_TERRITORY,21,0
189,NO MINISTRY,1490,Cooperatives Department,UNION_TERRITORY,1,0
74,NO MINISTRY,299,Medical Education Department,STATE,14,3
89,NO MINISTRY,951,DEPARTMENT OF WOMENT EMPOWEREMENT AND CHILD DEVELOPMENT,STATE,2,0
65,NO MINISTRY,1396,"Department of Archives, Government of Goa.",STATE,2,0
67,NO MINISTRY,1526,"CHIEF SCRETARY OFFICE, HARYANA",STATE,15,0
63,NO MINISTRY,895,"Sub Jail, Daman",UNION_TERRITORY,2,0
82,NO MINISTRY,972,Department of Parliamentary Affairs,STATE,8,0
91,Andaman and Nicobar Administration,1509,Department of Transport,UNION_TERRITORY,14,0
71,NO MINISTRY,582,Energy Department,STATE,13,0
85,NO MINISTRY,246,"Public Works Department, Government of Tamil Nadu",STATE,40,0
61,State Government,1184,DEPARTMENT OF SOCIAL WELFARE,STATE,18,0
67,NO MINISTRY,129,CHIEF ELECTRICAL INSPECTOR,STATE,12,0
72,NO MINISTRY,1254,Higher Education,STATE,10,0
71,NO MINISTRY,595,"Public Works, Ports and Inland Water Transport Department",STATE,7,0
69,NO MINISTRY,629,Technical Education,UNION_TERRITORY,20,0
89,NO MINISTRY,381,DEPARTMENT OF HIGHER EDUCATION,STATE,25,0
70,NO MINISTRY,730,"Labour Employment and Training Department, Government of Jharkhand",STATE,29,0
82,NO MINISTRY,964,Department of Investment Promotion,STATE,4,0
60,NO MINISTRY,1313,Model Jail Department Chandigarh,UNION_TERRITORY,15,0
89,NO MINISTRY,376,DEPARTMENT OF HOME AFFAIRS,STATE,8,0
65,NO MINISTRY,1350,"Department of Agriculture, Government of Goa",STATE,4,0
71,NO MINISTRY,598,Social Welfare Department,STATE,17,0
83,NO MINISTRY,1107,Devasthan Department,STATE,57,0
63,NO MINISTRY,894,Department of Labour & Employment,UNION_TERRITORY,26,0
65,NO MINISTRY,1379,"Department of Tourism, Government of Goa",STATE,3,0
166,Govt of Maharashtra,1471,Public Health Department,STATE,67,0
67,NO MINISTRY,711,"Pt.B.D.SHARMA UNIVERSITY OF HEALTH SCIENCES, ROHTAK",STATE,12,0
82,NO MINISTRY,975,Department of Higher Education,STATE,29,0
83,NO MINISTRY,1321,Statistics Department,STATE,25,0
88,NO MINISTRY,1420,Home Guard,STATE,14,0
60,NO MINISTRY,899,Urban & Planning Department,UNION_TERRITORY,5,0
67,NO MINISTRY,118,REVENUE & DISASTER MANAGEMENT DEPARTMENT,STATE,11,0
85,NO MINISTRY,781,"Legislative Assembly Secretariat, Government of Tamil Nadu",STATE,8,0
61,State Government,1054,DEPARTMENT OF WOMAN AND CHILD DEVELOPMENT,STATE,29,0
66,NO MINISTRY,141,General Administration Department,STATE,20,0
82,NO MINISTRY,1160,Punjab State Warehousing Corporation,STATE,12,0
70,NO MINISTRY,705,"Energy Department, Government of Jharkhand",STATE,8,0
87,NO MINISTRY,1284,Directorate of Health Services,STATE,8,0
60,NO MINISTRY,1649,Home Department,UNION_TERRITORY,2,0
61,State Government,1375,DEPARTMENT OF ELECTRONICS AND INFORMATION TECHNOLOGY,STATE,13,0
59,NO MINISTRY,251,HOME DEPARTMENT,STATE,17,0
58,NO MINISTRY,524,Agriculture Department,STATE,29,0
56,NO MINISTRY,339,General Administration Department,STATE,5,0
191,HIGHER EDUCATION,1435,HIGHER EDUCATION,STATE,6,0
58,NO MINISTRY,577,Elementary Education Department,STATE,5,0
56,NO MINISTRY,355,Higher Education Department,STATE,12,0
39,Ministry of Food Processing Industries,65,Department of Food Processing Industries,CENTRAL,28,0
91,Andaman and Nicobar Administration,1485,Port Management Board,UNION_TERRITORY,6,0
82,NO MINISTRY,1547,Punjab State AIDS Control Society (PSACS),STATE,2,0
71,NO MINISTRY,599,Water Resources Department,STATE,13,0
18,Ministry of Rural Development,21,Department of Rural Development,CENTRAL,68,0
5,Ministry of Home Affairs,97,Department of Border Management,CENTRAL,22,0
67,NO MINISTRY,1524,URBAN LOCAL BODIES,STATE,16,0
74,NO MINISTRY,262,Revenue Department,STATE,30,0
59,NO MINISTRY,836,EDUCATION DEPARTMENT,STATE,19,0
76,NO MINISTRY,176,MAHUD,STATE,14,0
65,NO MINISTRY,1354,"River Navigation Department, Government of Goa.",STATE,3,0
60,NO MINISTRY,1052,Registering & Licensing Authority,UNION_TERRITORY,5,0
71,NO MINISTRY,592,"Kannada, Culture, Information & Tourism Department",STATE,21,0
69,NO MINISTRY,655,Science and Technology,UNION_TERRITORY,10,0
91,Andaman and Nicobar Administration,1506,Department of Labour Commissioner,UNION_TERRITORY,11,0
61,State Government,1019,DEPARTMENT OF WATER RESOURCES,STATE,6,0
67,NO MINISTRY,1536,"Co-operation Department, Haryana",STATE,5,0
74,NO MINISTRY,308,Environment Department,STATE,15,0
64,NO MINISTRY,788,Department of Urban Development,UNION_TERRITORY,40,0
72,NO MINISTRY,1272,Sports & Youth Affairs,STATE,2,0
60,NO MINISTRY,845,Chandigarh Housing Board,UNION_TERRITORY,8,0
67,NO MINISTRY,105,HEALTH,STATE,6,0
58,NO MINISTRY,732,Finance (Budget) Department,STATE,4,0
71,NO MINISTRY,408,Animal Husbandry & Fisheries Department,STATE,11,0
61,State Government,1227,DEPARTMENT OF FISHERIES,STATE,15,0
201,Ministry of Environment and Forest,1544,Department of Environment and Forest,UNION_TERRITORY,3,0
71,NO MINISTRY,594,"Planning, Programe Monitoring and Statistics Department",STATE,5,0
2,Ministry of Finance,26,Department of Expenditure,CENTRAL,3,0
65,NO MINISTRY,1386,"Science & Technology Department, Government of Goa.",STATE,3,0
91,Andaman and Nicobar Administration,151,Andaman Public Works Department,UNION_TERRITORY,4,0
91,Andaman and Nicobar Administration,1558,The Andaman and Nicobar Islands Wakf Board,UNION_TERRITORY,3,0
72,NO MINISTRY,1355,Cultural Affairs,STATE,1,0
67,NO MINISTRY,1548,"Directorate of Micro, Small and Medium Enterprises (MSME), Haryana",STATE,7,0
63,NO MINISTRY,878,Department of Tourism,UNION_TERRITORY,2,0
31,Ministry of Science and Technology,84,Department of Bio-Technology,CENTRAL,29,0
67,NO MINISTRY,1638,Medical Education and Research,STATE,7,0
60,NO MINISTRY,1229,Municipal Corporation,UNION_TERRITORY,32,3
70,NO MINISTRY,715,"Planning-cum-Finance Department, Government of Jharkhand",STATE,5,0
61,State Government,1080,DEPARTMENT OF GRAMODYOG,STATE,9,0
61,State Government,1165,"DEPARTMENT OF PLANNING, ECONOMICS AND STATISTICS",STATE,11,0
72,NO MINISTRY,1276,Transport,STATE,14,0
85,NO MINISTRY,775,"Handlooms, Handicrafts, Textiles and Khadi Department, Government of Tamil Nadu",STATE,5,0
82,NO MINISTRY,1384,Punjab State Seed Certification Authority,STATE,2,0
86,NO MINISTRY,768,Scheduled Castes Development,STATE,12,0
85,NO MINISTRY,693,"Finance Department, Government of Tamil Nadu",STATE,22,0
194,URBAN DEVELOPMENT,1447,URBAN DEVELOPMENT,STATE,2,0
67,NO MINISTRY,117,HOUSING BOARD HARYANA,STATE,18,0
89,NO MINISTRY,397,DEPARTMENT OF PERSONNEL,STATE,5,0
64,NO MINISTRY,802,Directorate of Education,UNION_TERRITORY,8,0
56,NO MINISTRY,341,Municipal Administration Department,STATE,9,0
80,NO MINISTRY,1287,Higher Education,STATE,11,0
70,NO MINISTRY,814,"Women,Child Development and Social Security Department, Government of Jharkhand",STATE,3,0
82,NO MINISTRY,983,Department of Legal and Legialative Affairs,STATE,3,0
64,NO MINISTRY,790,Department of Food Supplies and Consumer Affairs,UNION_TERRITORY,26,0
58,NO MINISTRY,522,Administrative Reforms and Training Department,STATE,10,0
67,NO MINISTRY,1152,HARYANA STATE LEGAL SERVICES AUTHORITY,STATE,2,0
64,NO MINISTRY,819,Department of Food Safety,UNION_TERRITORY,12,0
70,NO MINISTRY,718,"Excise and Prohibition Department, Government of Jharkhand",STATE,8,0
72,NO MINISTRY,1262,Parliamentary Affairs,STATE,11,0
67,NO MINISTRY,143,SKILL DEVELOPMENT & INDUSTRIAL TRAINING,STATE,2,0
60,NO MINISTRY,1204,Printing and Stationery,UNION_TERRITORY,5,0
70,NO MINISTRY,719,"Urban Development and Housing Department, Government of Jharkhand",STATE,10,0
83,NO MINISTRY,1093,Consumer Affairs Department,STATE,13,0
56,NO MINISTRY,342,Home Department,STATE,15,0
82,NO MINISTRY,1023,Department of Fisheries,STATE,3,0
88,NO MINISTRY,489,Political Pension,STATE,9,0
71,NO MINISTRY,586,Health & Family Welfare Department,STATE,34,0
65,NO MINISTRY,1344,"Directorate of Women & Child, Government of Goa.",STATE,4,0
82,NO MINISTRY,986,Department of Technical Education,STATE,13,0
66,NO MINISTRY,324,Health and Family Welfare Department,STATE,11,0
63,NO MINISTRY,888,Department of Information Technology,UNION_TERRITORY,4,0
88,NO MINISTRY,462,Fisheries,STATE,8,0
87,NO MINISTRY,912,Directorate of Food Civil Supplies & Consumers Affairs,STATE,6,0
71,NO MINISTRY,589,Housing Department,STATE,11,0
67,NO MINISTRY,1642,"Chaudhary Charan Singh Haryana Agriculture University, Hisar",STATE,3,0
67,NO MINISTRY,103,TOWN AND COUNTRY PLANNING DEPARTMENT,STATE,10,0
88,NO MINISTRY,490,Prisons Administration & Reform Services,STATE,11,0
60,NO MINISTRY,852,Education Department (Colleges),UNION_TERRITORY,13,0
65,NO MINISTRY,1072,"Housing Board Department, Government of Goa",STATE,2,0
179,EDUCATION,1302,EDUCATION,STATE,2,0
71,NO MINISTRY,410,Co-operation Department,STATE,36,0
58,NO MINISTRY,405,LEGISLATIVE DEPARTMENT,STATE,15,0
67,NO MINISTRY,1029,"MAHARSHI DAYANAND UNIVERSITY, ROHTAK",STATE,5,0
64,NO MINISTRY,707,Department of Information Technology,UNION_TERRITORY,3,0
76,NO MINISTRY,1027,Cabinet Department,STATE,2,0
60,NO MINISTRY,1035,Chandigarh Pollution Control Committee,UNION_TERRITORY,16,0
56,NO MINISTRY,361,"Health, Medical & Family Welfare Department",STATE,8,0
87,NO MINISTRY,905,General Administration (Administrative Reforms),STATE,5,0
63,NO MINISTRY,893,Department of Transport,UNION_TERRITORY,7,0
86,NO MINISTRY,746,"Consumer Affairs, Food and Civil Supplies",STATE,9,0
85,NO MINISTRY,214,"Information Technology Department, Government of Tamil Nadu",STATE,6,0
66,NO MINISTRY,327,Roads and Buildings Department,STATE,2,0
86,NO MINISTRY,770,"Transport, Roads and Buildings",STATE,4,0
63,NO MINISTRY,874,"Department of Food, Civil Supplies and Consumer Affairs",UNION_TERRITORY,5,0
65,NO MINISTRY,1378,"Public Works Department, Government of Goa",STATE,4,0
72,NO MINISTRY,1250,Forest & Wildlife,STATE,1,0
58,NO MINISTRY,557,Public Enterprises Department,STATE,4,0
72,NO MINISTRY,1255,Home,STATE,12,0
59,NO MINISTRY,812,URBAN DEVELOPMENT AND HOUSING DEPARTMENT,STATE,10,0
67,NO MINISTRY,1607,New & Renewable Energy Department,STATE,2,0
65,NO MINISTRY,1331,"Education Department, Government of Goa",STATE,14,3
70,NO MINISTRY,713,"School Education and Literacy Department, Government of Jharkhand",STATE,4,0
76,NO MINISTRY,178,Labour Department,STATE,3,0
80,NO MINISTRY,382,Home,STATE,5,0
63,NO MINISTRY,868,Department of Finance & Accounts and Taxation,UNION_TERRITORY,2,0
67,NO MINISTRY,116,LABOUR DEPARTMENT,STATE,13,0
64,NO MINISTRY,820,Revenue Department,UNION_TERRITORY,7,0
91,Andaman and Nicobar Administration,1483,Department of Shipping Services,UNION_TERRITORY,2,0
131,No Ministry,656,Social Justice Empowerment & Welfare Department,STATE,1,0
64,NO MINISTRY,1407,Directorate of Higher Education,UNION_TERRITORY,3,0
60,NO MINISTRY,1205,Food & Supply,UNION_TERRITORY,20,0
88,NO MINISTRY,1433,Public Service Management,STATE,37,0
189,NO MINISTRY,1495,Agriculture Horticulture and Floriculture Department,UNION_TERRITORY,1,0
89,NO MINISTRY,378,DEPARTMENT OF TOURISM,STATE,20,0
64,NO MINISTRY,816,"Law, Justice and Legislative Affairs Department",UNION_TERRITORY,7,0
66,NO MINISTRY,318,Education Department,STATE,12,0
63,NO MINISTRY,870,Department of Rural Development/Panchayati Raj and Community Development,UNION_TERRITORY,7,0
60,NO MINISTRY,900,Forest and Wildlife,UNION_TERRITORY,14,0
82,NO MINISTRY,967,Department of Finance,STATE,8,0
82,NO MINISTRY,957,Department of Home Affairs,STATE,6,0
88,NO MINISTRY,465,General Administration,STATE,10,0
64,NO MINISTRY,786,Department for the Welfare of SC/ST/OBC/Minorities,UNION_TERRITORY,3,0
58,NO MINISTRY,1340,Finance (Institutional Finance) Department,STATE,17,0
78,NO MINISTRY,1157,Parliamentary Affairs Department,STATE,2,0
91,Andaman and Nicobar Administration,148,"Principal Chief Conservator of Forest, Van Sadan",UNION_TERRITORY,11,0
67,NO MINISTRY,128,SOCIAL JUSTICE & EMPOWERMENT DEPARTMENT,STATE,6,0
131,No Ministry,990,Land Revenue and Disaster Management Department,STATE,5,0
91,Andaman and Nicobar Administration,150,Department of Tribal Welfare,UNION_TERRITORY,19,0
63,NO MINISTRY,1236,"Pollution Control Committee, Daman.",UNION_TERRITORY,2,0
83,NO MINISTRY,1091,Colonization Department,STATE,26,0
72,NO MINISTRY,1274,Taxes,STATE,2,0
56,NO MINISTRY,344,"Industries, Infrastructure, Investment and Commerce Department",STATE,7,0
67,NO MINISTRY,1541,Haryana State warehousing corporation,STATE,3,0
58,NO MINISTRY,533,Fishery Department,STATE,1,0
58,NO MINISTRY,555,Power (Electricity) Department,STATE,5,0
58,NO MINISTRY,548,Panchayat and Rural Development Department,STATE,12,0
63,NO MINISTRY,877,Department of Power Non Conventional Sources of Energy,UNION_TERRITORY,10,0
85,NO MINISTRY,216,"Personnel and Administrative Reforms Department, Government of Tamil Nadu",STATE,10,0
86,NO MINISTRY,744,"Animal Husbandry, Dairy Development and Fisheries",STATE,6,0
86,NO MINISTRY,762,Minorities Welfare,STATE,15,0
80,NO MINISTRY,202,Planning & Convergence,STATE,5,0
58,NO MINISTRY,528,Cultural Affairs Department,STATE,6,0
87,NO MINISTRY,924,"Department of Agriculture, Directorate of Horticulture, Soil Conservation, Tripura, Agartala.",STATE,2,0
87,NO MINISTRY,914,"Director, Department of Science, Techgnology & Environment",STATE,4,0
60,NO MINISTRY,1456,Department of Information Technology,UNION_TERRITORY,12,0
74,NO MINISTRY,272,Public Health and Family Welfare Department,STATE,8,0
80,NO MINISTRY,222,Steel &amp; Mines,STATE,1,0
65,NO MINISTRY,1387,"Labour &amp; Employment Department, Government of Goa",STATE,4,0
64,NO MINISTRY,811,Development Department,UNION_TERRITORY,7,0
60,NO MINISTRY,1177,State Transport Authority,UNION_TERRITORY,3,0
56,NO MINISTRY,340,Law Department,STATE,2,0
56,NO MINISTRY,353,"Environment, Forest, Science & Technology Department",STATE,3,0
89,NO MINISTRY,1234,DEPARTMENT OF EXCISE,STATE,2,0
66,NO MINISTRY,316,Finance Department,STATE,9,0
78,NO MINISTRY,239,EXCISE DEPARTMENT,STATE,4,0
74,NO MINISTRY,263,Trasnport Department,STATE,10,0
89,NO MINISTRY,415,DEPARTMENT OF IRRIGATION,STATE,4,0
65,NO MINISTRY,1183,"Public Health Department, Government of Goa",STATE,17,0
85,NO MINISTRY,1050,"Welfare of Differently Abled Persons Department, Government of Tamil Nadu",STATE,4,0
59,NO MINISTRY,1577,PLANNING AND DEVELOPMENT DEPARTMENT,STATE,5,0
76,NO MINISTRY,164,Revenue Department,STATE,6,0
60,NO MINISTRY,1648,Finance,UNION_TERRITORY,2,0
66,NO MINISTRY,311,Social Justice and Empowerment Department,STATE,5,0
80,NO MINISTRY,1291,Skill Dev & Technical Education (SDTE),STATE,3,0
56,NO MINISTRY,351,"Youth Advancement, Tourism & Culture Department",STATE,3,0
67,NO MINISTRY,1609,Haryana Khadi and Village Industries Board,STATE,3,0
83,NO MINISTRY,1128,Mines Department,STATE,4,0
174,TRANSPORT,1225,TRANSPORT,STATE,5,0
60,NO MINISTRY,925,Rural Development and Panchayats,UNION_TERRITORY,2,0
88,NO MINISTRY,510,U.P. Reorganisation & Coordination,STATE,15,0
64,NO MINISTRY,809,Weights and Measures Department,UNION_TERRITORY,1,0
59,NO MINISTRY,741,PANCHAYATI RAJ DEPARTMENT,STATE,3,0
74,NO MINISTRY,296,Women and Child Development Department,STATE,12,0
58,NO MINISTRY,1333,Finance (Audit & Fund) Department,STATE,5,0
87,NO MINISTRY,1317,Factories & Boilers Organisation,STATE,7,0
87,NO MINISTRY,1345,Director General of Police,STATE,10,0
58,NO MINISTRY,571,Information and Public Relations Department,STATE,4,0
166,Govt of Maharashtra,1518,"Food ,Civil supplies and consumer protection Department",STATE,17,0
61,State Government,1189,DEPARTMENT OF JAIL,STATE,6,0
56,NO MINISTRY,360,Panchayat Raj & Rural Development Department,STATE,4,0
58,NO MINISTRY,556,Printing and Stationery Department,STATE,1,0
82,NO MINISTRY,958,Department of Rural Development and Panchayat,STATE,12,0
67,NO MINISTRY,114,DEPARTMENT OF AYUSH,STATE,3,0
59,NO MINISTRY,1565,FOOD AND CONSUMER PROTECTION DEPARTMENT,STATE,1,0
63,NO MINISTRY,879,Department of Planning & Statistics,UNION_TERRITORY,1,0
64,NO MINISTRY,785,Department of Training and Technical Education,UNION_TERRITORY,6,0
70,NO MINISTRY,720,"Health, Medical Education and Family Welfare Department, Government of Jharkhand",STATE,1,0
63,NO MINISTRY,869,Department of Forest & Environment and Wildlife,UNION_TERRITORY,6,0
60,NO MINISTRY,1180,State Consumer Disputes Redressal Commission,UNION_TERRITORY,7,0
64,NO MINISTRY,702,Health & Family Welfare Department,UNION_TERRITORY,9,0
73,NO MINISTRY,1217,Department of General Administration & Protocol,UNION_TERRITORY,5,0
58,NO MINISTRY,1338,Finance (Establishment - A) Department,STATE,3,0
59,NO MINISTRY,904,"YOUTH, ART & CULTURE DEPARTMENT",STATE,3,0
189,NO MINISTRY,1487,Health and Medical Education Department,UNION_TERRITORY,2,0
91,Andaman and Nicobar Administration,1484,Department of Education,UNION_TERRITORY,1,0
72,NO MINISTRY,1251,General Administration,STATE,4,0
60,NO MINISTRY,1651,Health Department,UNION_TERRITORY,1,0
76,NO MINISTRY,183,HOME Department,STATE,5,0
131,No Ministry,1314,Police Department,STATE,2,0
63,NO MINISTRY,1201,Collector Department,UNION_TERRITORY,7,0
67,NO MINISTRY,121,ADVOCATE GENERAL HARYANA,STATE,4,0
67,NO MINISTRY,1530,"Development & Panchayats Department, Haryana",STATE,7,0
131,No Ministry,683,"Development Planning, Economic Reforms & North Eastern Council Affairs Department",STATE,2,0
67,NO MINISTRY,523,"ELECTRONICS & INFORMATION TECHNOLOGY DEPARTMENT, HARYANA",STATE,4,0
131,No Ministry,1297,Water Resources & River Development Department,STATE,1,0
60,NO MINISTRY,1203,Department of Technical Education,UNION_TERRITORY,2,0
65,NO MINISTRY,1167,"Electricity Department, Government of Goa",STATE,4,0
70,NO MINISTRY,722,"Transport Department, Government of Jharkhand",STATE,18,0
76,NO MINISTRY,193,"Consumer Affairs, Food and Public Distribution",STATE,3,0
67,NO MINISTRY,108,PWD (B&R),STATE,3,0
78,NO MINISTRY,233,Urban Development and Poverty Alleviation,STATE,1,0
87,NO MINISTRY,1364,Directorate of Audit Finance Department,STATE,1,0
74,NO MINISTRY,275,School Education Department,STATE,8,0
58,NO MINISTRY,537,General Administration Department,STATE,7,0
74,NO MINISTRY,280,Tribal Affairs Department,STATE,3,0
83,NO MINISTRY,1111,Sanskrit Education Department,STATE,3,0
131,No Ministry,1312,Transport Department,STATE,2,0
58,NO MINISTRY,568,Veterinary Department,STATE,2,0
83,NO MINISTRY,1112,Election Department,STATE,4,0
72,NO MINISTRY,1259,Local Self Government,STATE,9,0
64,NO MINISTRY,822,"Excise, Entertainment and Luxury Tax Department",UNION_TERRITORY,7,0
70,NO MINISTRY,694,"Industry Department, Government of Jharkhand",STATE,6,0
67,NO MINISTRY,147,"MINES & GEOLOGY, HARYANA",STATE,2,0
78,NO MINISTRY,1159,Transport Department,STATE,2,0
65,NO MINISTRY,1393,"Department of Urban Development, Government of Goa",STATE,3,0
74,NO MINISTRY,300,Harticulture and Food Processing Department,STATE,3,0
185,PARLIAMENTARY AFFAIRS,1369,PARLIAMENTARY AFFAIRS DEPARTMENT,STATE,5,0
76,NO MINISTRY,197,Arts and Culture Department,STATE,10,0
56,NO MINISTRY,356,Minorities Welfare Department,STATE,1,0
131,No Ministry,1318,Food Security and Agriculture Development Department,STATE,3,0
187,HEALTH & FAMILY WELFARE,1388,HEALTH & FAMILY WELFARE,STATE,4,0
87,NO MINISTRY,910,Prisons Directorate,STATE,7,0
87,NO MINISTRY,1044,Directorate of Kokborok & Other Minority Languages,STATE,2,0
58,NO MINISTRY,543,Industries and Commerce Department,STATE,12,0
63,NO MINISTRY,1199,Department of General Administration and Protocol,UNION_TERRITORY,2,0
82,NO MINISTRY,1564,Punjab State Container and Warehousing Corporation Limited,STATE,1,0
189,NO MINISTRY,1413,Home Department,UNION_TERRITORY,2,0
65,NO MINISTRY,1599,"Department of Excise, Government of Goa.",STATE,1,0
70,NO MINISTRY,696,"Forest Environment and Climate Change Department, Government of Jharkhand",STATE,2,0
89,NO MINISTRY,1233,DEPARTMENT OF HEALTH,STATE,3,0
58,NO MINISTRY,1337,Finance (Economic Affairs) Department,STATE,3,0
73,NO MINISTRY,1226,Collectorate,UNION_TERRITORY,2,0
72,NO MINISTRY,1243,Consumer Affairs,STATE,2,0
80,NO MINISTRY,1347,ST & SC Development & M & BCW,STATE,4,0
65,NO MINISTRY,1015,"Captain of Ports Department, Government of Goa",STATE,3,0
183,LABOUR & EMPLOYMENT,1363,LABOUR & EMPLOYMENT,STATE,1,0
131,No Ministry,1324,TOURISM AND CIVIL AVIATION DEPARTMENT,STATE,1,0
87,NO MINISTRY,1403,Directorate for Welfare of Minorities,STATE,2,0
89,NO MINISTRY,1513,Department of Council of Ministers,STATE,7,0
78,NO MINISTRY,1155,"Land, Revenue & Settlement",STATE,5,0
64,NO MINISTRY,798,"Art, Culture and Language Department",UNION_TERRITORY,3,0
64,NO MINISTRY,824,Delhi Jal Board,UNION_TERRITORY,2,0
64,NO MINISTRY,806,Delhi Fire Service,UNION_TERRITORY,1,0
63,NO MINISTRY,880,"Department of Agriculture, Soil Conservator and Horticulture",UNION_TERRITORY,8,0
67,NO MINISTRY,1527,"Department of Horticulture, Haryana",STATE,5,0
74,NO MINISTRY,269,Farmer Welfare and Agriculture Development Department,STATE,6,0
66,NO MINISTRY,328,Forest and Environment Department,STATE,2,0
82,NO MINISTRY,947,Department of Power,STATE,2,0
63,NO MINISTRY,1193,Department of Home,UNION_TERRITORY,6,0
63,NO MINISTRY,889,"Department of Industries, Trade and Commerce & Mines",UNION_TERRITORY,3,0
73,NO MINISTRY,1282,Department of FCS & CA,UNION_TERRITORY,1,0
65,NO MINISTRY,1079,"Town and Country Planning Department, Government of Goa",STATE,1,0
89,NO MINISTRY,734,DEPARTMENT OF LABOUR,STATE,3,0
59,NO MINISTRY,833,ANIMAL & FISH RESOURCES DEPARTMENT,STATE,3,0
76,NO MINISTRY,195,Co-operation Department,STATE,3,0
74,NO MINISTRY,285,Water Resources Department,STATE,3,0
74,NO MINISTRY,261,Religious Trusts and Endowments Department,STATE,1,0
60,NO MINISTRY,1206,House Allotment Committee,UNION_TERRITORY,1,0
82,NO MINISTRY,933,Department of Rehabilitation and Disaster Management,STATE,2,0
86,NO MINISTRY,764,Panchayat Raj and Rural Development,STATE,4,0
89,NO MINISTRY,735,DEPARTMENT OF COOPERATIVES,STATE,7,0
57,NO MINISTRY,206,ADMINISTRATIVE REFORMS,STATE,2,0
67,NO MINISTRY,1629,Gurugram Metropolitan Development Authority,STATE,2,0
59,NO MINISTRY,840,PARLIAMENTARY AFFAIRS DEPARTMENT,STATE,1,0
66,NO MINISTRY,321,"Panchayats, Rural Housing and Rural Development Department",STATE,2,0
5,Ministry of Home Affairs,39,Department of Official Language,CENTRAL,7,0
178,INDUSTRIES,1300,INDUSTRIES & COMMERCE,STATE,2,0
89,NO MINISTRY,520,DEPARTMENT OF MEDICAL AND MEDICAL EDUCATION,STATE,4,0
89,NO MINISTRY,1306,Department of Medical,STATE,3,0
91,Andaman and Nicobar Administration,1309,Port Blair Municipal Council,UNION_TERRITORY,5,0
58,NO MINISTRY,553,Planning and Development Department,STATE,6,0
82,NO MINISTRY,1394,Colonization,STATE,3,0
60,NO MINISTRY,844,Law & Prosecution Department Chandigarh Administration,UNION_TERRITORY,3,0
184,AGRICULTURE,1365,AGRICULTURE,STATE,2,0
58,NO MINISTRY,538,"Handlooms, Textile and Sericulture Department",STATE,5,0
72,NO MINISTRY,1357,Animal Husbandry,STATE,2,0
56,NO MINISTRY,362,Labour Employment Training & Factories Department,STATE,4,0
70,NO MINISTRY,717,"Road Construction Department, Government of Jharkhand",STATE,6,0
65,NO MINISTRY,1328,"Animal Husbandry & Veterinary Services Department, Government of Goa",STATE,7,0
131,No Ministry,660,Finance Revenue & Expenditure Department,STATE,6,0
67,NO MINISTRY,101,"DEPARTMENT OF INDUSTRIES AND COMMERCE, HARYANA",STATE,6,0
88,NO MINISTRY,517,Additional Energy Sources,STATE,3,0
189,NO MINISTRY,1489,Housing & Urban Development Department,UNION_TERRITORY,2,0
74,NO MINISTRY,286,Tourism Department,STATE,5,0
65,NO MINISTRY,1372,"Directorate of Health Services, Government of Goa",STATE,2,0
65,NO MINISTRY,1382,"Directorate of Social Welfare, Government of Goa",STATE,4,0
56,NO MINISTRY,364,Housing Department,STATE,1,0
76,NO MINISTRY,170,Personnel and Administrative Reforms Department,STATE,6,0
189,NO MINISTRY,1416,Transport Department,UNION_TERRITORY,2,0
56,NO MINISTRY,345,Energy Department,STATE,4,0
66,NO MINISTRY,142,Legislative and Parliamentary Affairs Department,STATE,3,0
85,NO MINISTRY,375,"Tamil Development and Information Department, Government of Tamil Nadu",STATE,2,0
87,NO MINISTRY,908,Transport Department,STATE,2,0
63,NO MINISTRY,882,"Block Development Office, Daman.",UNION_TERRITORY,2,0
67,NO MINISTRY,110,EDUCATION,STATE,2,0
89,NO MINISTRY,1235,DEPARTMENT OF AWAS,STATE,4,0
72,NO MINISTRY,1245,Electronics & Information Technology,STATE,1,0
87,NO MINISTRY,922,Directorate of Tribal Welfare Department,STATE,3,0
80,NO MINISTRY,706,Housing & Uban Development (H&UD),STATE,5,0
66,NO MINISTRY,313,Home Department,STATE,9,0
91,Andaman and Nicobar Administration,400,Department of Industries,UNION_TERRITORY,3,0
86,NO MINISTRY,766,Public Enterprises,STATE,11,0
78,NO MINISTRY,1153,Taxation,STATE,3,0
74,NO MINISTRY,279,Public Relations Department,STATE,1,0
189,NO MINISTRY,1417,Industries and Commerce,UNION_TERRITORY,1,0
67,NO MINISTRY,1608,Haryana Vidyut Prasaran Nigam Limited,STATE,4,0
82,NO MINISTRY,971,Department of Medical Education and Research,STATE,13,0
173,PLANNING,1223,PLANNING,STATE,5,0
66,NO MINISTRY,326,"Narmada, Water Resources, Water Supply and Kalpsar Department",STATE,3,0
91,Andaman and Nicobar Administration,369,Department of Finance,UNION_TERRITORY,4,0
72,NO MINISTRY,1263,Personnel & Administrative Reforms,STATE,2,0
91,Andaman and Nicobar Administration,1440,Department of Fisheries,UNION_TERRITORY,7,0
56,NO MINISTRY,354,Agriculture and Cooperation Department,STATE,7,0
59,NO MINISTRY,1568,MINES & GEOLOGY DEPARTMENT,STATE,5,0
189,NO MINISTRY,1415,Tourism and Culture,UNION_TERRITORY,3,0
82,NO MINISTRY,1024,Department of Dairy Development,STATE,1,0
76,NO MINISTRY,157,Transport Department,STATE,4,0
78,NO MINISTRY,1156,"Animal, Husbandary and Veterinary",STATE,1,0
131,No Ministry,1323,Urban Development & Housing Department,STATE,2,0
87,NO MINISTRY,1371,Controller of Legal Metrology Department,STATE,1,0
67,NO MINISTRY,1614,Department of Economic and Statistical Affairs,STATE,1,0
70,NO MINISTRY,828,"Cabinet Secretariat and Coordination Department, Government of Jharkhand",STATE,1,0
82,NO MINISTRY,976,Department of Horticulture,STATE,5,0
89,NO MINISTRY,1076,DEPARTMENT OF MINORITY WELFARE,STATE,2,0
65,NO MINISTRY,1078,"Institute of Public Assistance (Provedoria), Government of Goa",STATE,2,0
89,NO MINISTRY,602,DEPARTMENT OF FISHERIES,STATE,8,0
80,NO MINISTRY,608,Works,STATE,4,0
63,NO MINISTRY,897,Department of Co-operation,UNION_TERRITORY,1,0
66,NO MINISTRY,146,Information and Broadcasting Department,STATE,2,0
59,NO MINISTRY,842,AGRICULTURE DEPARTMENT,STATE,11,0
76,NO MINISTRY,173,"Medical, Health and Family Welfare Department",STATE,3,0
65,NO MINISTRY,1381,"Department of Information & Publicity, Government of Goa",STATE,3,0
60,NO MINISTRY,1170,Economics &amp; Statistics (Cell),UNION_TERRITORY,7,0
59,NO MINISTRY,1066,VIGILANCE DEPARTMENT,STATE,5,0
83,NO MINISTRY,1132,Printing and Stationery Department,STATE,4,0
65,NO MINISTRY,1060,"Forest Department, Government of Goa",STATE,2,0
131,No Ministry,1308,Commerce & Industries Department,STATE,3,0
64,NO MINISTRY,784,Delhi Urban Shelter improvement Board,UNION_TERRITORY,2,0
80,NO MINISTRY,609,"Micro, Small & Medium Enterprises (MSME)",STATE,2,0
82,NO MINISTRY,1434,Punjab Ex-Servicemen Corporation,STATE,5,0
89,NO MINISTRY,394,DEPARTMENT OF HORTICULTURE,STATE,3,0
66,NO MINISTRY,320,"Food, Civil Supply and Consumer Affairs Department",STATE,3,0
82,NO MINISTRY,954,Department of Personnel,STATE,1,0
87,NO MINISTRY,923,"Directorate of Small Savings, Group Insurance & Institutional Finance",STATE,5,0
72,NO MINISTRY,1356,Ports,STATE,1,0
59,NO MINISTRY,249,LAW DEPARTMENT,STATE,2,0
91,Andaman and Nicobar Administration,1511,Department of Agriculture,UNION_TERRITORY,2,0
67,NO MINISTRY,1528,"Finance Department, Haryana",STATE,2,0
56,NO MINISTRY,358,"Information Technology, Electronics & Communication Department",STATE,2,0
78,NO MINISTRY,240,Local Administration Department,STATE,1,0
82,NO MINISTRY,968,Department of Defence Services Welfare,STATE,3,0
89,NO MINISTRY,1410,DEPARTMENT OF ARCHAEOLOGY,STATE,1,0
70,NO MINISTRY,708,"Personnel, Administrative Reforms and Rajbhasha Deparment, Government of Jharkhand",STATE,5,0
67,NO MINISTRY,1561,SEWA,STATE,2,0
91,Andaman and Nicobar Administration,1505,Registrar Cooperative Socities,UNION_TERRITORY,2,0
76,NO MINISTRY,974,Social Welfare,STATE,2,0
65,NO MINISTRY,1374,"Department of Art & Culture, Government of Goa.",STATE,1,0
60,NO MINISTRY,1172,Agriculture,UNION_TERRITORY,5,0
65,NO MINISTRY,1373,"Department of Information Technology, Government of Goa",STATE,3,0
85,NO MINISTRY,212,"Energy Department, Government of Tamil Nadu",STATE,5,0
76,NO MINISTRY,171,Minorities and Other Backward Classes,STATE,2,0
87,NO MINISTRY,1327,State Institute of Public Administration and Rural Development (SIPARD),STATE,1,0
89,NO MINISTRY,1579,DEPARTMENT OF INFORMATION,STATE,1,0
63,NO MINISTRY,892,"Department of Town and Country Planning, Urban Development & Housing",UNION_TERRITORY,4,0
80,NO MINISTRY,1022,"Handlooms,Textiles & Handicrafts",STATE,1,0
83,NO MINISTRY,1151,Youth Affairs and Sports,STATE,1,0
56,NO MINISTRY,357,School Education Department,STATE,6,0
61,State Government,1016,DEPARTMENT OF RELIGIOUS TRUST AND ENDOWMENT,STATE,3,0
67,NO MINISTRY,1634,HAFED,STATE,2,0
70,NO MINISTRY,712,"Food Public Distribution and Consumer Affairs Department, Government of Jharkhand",STATE,2,0
60,NO MINISTRY,1207,Chandigarh Industrial & Tourism Development Corporation Ltd.,UNION_TERRITORY,3,0
89,NO MINISTRY,393,DEPARTMENT OF LAW,STATE,8,0
189,NO MINISTRY,1488,Food & Civil Supplies Department,UNION_TERRITORY,1,0
131,No Ministry,672,Cooperation Dept,STATE,1,0
117,Home,782,Vigilance,STATE,2,0
82,NO MINISTRY,1549,Real Estate Regulatory Authority,STATE,8,0
56,NO MINISTRY,365,Consumer Affairs Food & Civil Supplies Department,STATE,3,0
70,NO MINISTRY,714,"Building Construction Department, Government of Jharkhand",STATE,1,0
69,NO MINISTRY,650,Labour and Employment,UNION_TERRITORY,1,0
82,NO MINISTRY,931,Department of Public Works,STATE,2,0
89,NO MINISTRY,1232,DEPARTMENT OF FOREST,STATE,3,0
89,NO MINISTRY,1551,DEPARTMENT OF LAND REVENUE,STATE,2,0
58,NO MINISTRY,544,Irrigation Department,STATE,3,0
70,NO MINISTRY,700,"Rural Development Department, Government of Jharkhand",STATE,1,0
88,NO MINISTRY,1427,Geology and Mining,STATE,2,0
65,NO MINISTRY,853,"Department of Industries, Trade and Commerce, Government of Goa",STATE,8,0
56,NO MINISTRY,366,Transport & Roads Building Department (TR&B),STATE,2,0
86,NO MINISTRY,754,Housing,STATE,2,0
56,NO MINISTRY,350,"Department for Women, Children, Differently Abled & Senior Citizens",STATE,1,0
67,NO MINISTRY,1532,"Public Health Engineering Department, Haryana",STATE,3,0
59,NO MINISTRY,1575,DISASTER MANAGMENT DEPARTMENT,STATE,3,0
87,NO MINISTRY,1038,General Administration(Political) Department,STATE,1,0
67,NO MINISTRY,106,TRANSPORT,STATE,1,0
91,Andaman and Nicobar Administration,1504,Department of Law Secretariat,UNION_TERRITORY,3,0
87,NO MINISTRY,1555,Office of the Commissioner of Excise,STATE,2,0
74,NO MINISTRY,278,"Planning, Economics and Statistics Department",STATE,1,0
89,NO MINISTRY,388,DEPARTMENT OF LAND REVENUE,STATE,1,0
58,NO MINISTRY,576,Secondary Education Department,STATE,2,0
87,NO MINISTRY,917,Directorate of Youth Affairs & Sports,STATE,1,0
88,NO MINISTRY,1431,Consumer Protection,STATE,2,0
89,NO MINISTRY,389,DEPARTMENT OF TRANSPORT,STATE,6,0
70,NO MINISTRY,698,"Information Technology & e-Governance Department,Government of Jharkhand",STATE,2,0
59,NO MINISTRY,1576,BC & EBC WELFARE DEPARTMENT,STATE,4,0
85,NO MINISTRY,215,"Micro, Small and Medium Enterprises Department, Government of Tamil Nadu",STATE,6,0
72,NO MINISTRY,1239,Agriculture Development & Farmers' Welfare,STATE,1,0
58,NO MINISTRY,1631,Housing and Urban Affairs,STATE,1,0
83,NO MINISTRY,1118,Ground Water Department,STATE,3,0
58,NO MINISTRY,567,Transport Department,STATE,5,0
65,NO MINISTRY,1578,Mines and Geology,STATE,1,0
89,NO MINISTRY,1481,DEPARTMENT OF INTERMEDIATE EDUCATION,STATE,2,0
63,NO MINISTRY,873,Department of Excise,UNION_TERRITORY,1,0
177,FOREST,1299,FOREST,STATE,3,0
64,NO MINISTRY,818,Office of the Registrar Cooperative Societies,UNION_TERRITORY,1,0
66,NO MINISTRY,310,"Sports, Youth and Cultural Activities Department",STATE,2,0
87,NO MINISTRY,1325,Directorate of Animal Resources Development,STATE,1,0
88,NO MINISTRY,440,Administrative reforms,STATE,1,0
89,NO MINISTRY,395,DEPARTMENT OF TECHNICAL EDUCATION AND TRAINING,STATE,2,0
83,NO MINISTRY,1114,Food and Civil Supply Department,STATE,4,0
63,NO MINISTRY,886,"Government College, Daman",UNION_TERRITORY,1,0
67,NO MINISTRY,131,LOCAL AUDIT,STATE,1,0
82,NO MINISTRY,936,Department of Planning,STATE,1,0
82,NO MINISTRY,1397,Pepsu Road Transport Corporation,STATE,4,0
78,NO MINISTRY,232,Home Department,STATE,4,0
80,NO MINISTRY,200,Public Enterprises,STATE,1,0
189,NO MINISTRY,1493,School Education Department,UNION_TERRITORY,2,0
89,NO MINISTRY,1552,Department of Khadi and Grama Udyog,STATE,1,0
60,NO MINISTRY,1654,Zila Parishad,UNION_TERRITORY,1,0
82,NO MINISTRY,960,Department of Cooperation,STATE,1,0
82,NO MINISTRY,982,Department of Food Processing,STATE,1,0
67,NO MINISTRY,1525,WOMEN AND CHILD DEVELOPMENT DEPARTMENT,STATE,2,0
67,NO MINISTRY,1507,DIRECTORATE OF ARCHAEOLOGY & MUSEUMS,STATE,2,0
56,NO MINISTRY,347,Planning Department,STATE,1,0
70,NO MINISTRY,733,"Tourism, Art and Culture, Sports and Youth Affairs Department, Government of Jharkhand",STATE,3,0
64,NO MINISTRY,805,Department of Forest and Wildlife,UNION_TERRITORY,2,0
82,NO MINISTRY,984,Department of Youth Services,STATE,1,0
175,PUBLIC WORKS DEPARTMENT,1288,PUBLIC WORKS DEPARTMENT,STATE,1,0
86,NO MINISTRY,773,"Youth Advancement, Tourism and Culture",STATE,2,0
80,NO MINISTRY,1292,Commerce & Transport (Commerce),STATE,1,0
58,NO MINISTRY,530,Election Department,STATE,3,0
63,NO MINISTRY,1197,Urban Development Department,UNION_TERRITORY,2,0
57,NO MINISTRY,223,Department of Cooperation.,STATE,1,0
131,No Ministry,1310,Labour Department,STATE,1,0
65,NO MINISTRY,1059,"Civil Aviation Department, Government of Goa",STATE,3,0
73,NO MINISTRY,736,DIRECTORATE OF PANCHAYAT,UNION_TERRITORY,2,0
72,NO MINISTRY,1358,Scheduled Tribes Dept,STATE,1,0
58,NO MINISTRY,1334,Finance (Expenditure Control - I) Department,STATE,1,0
59,NO MINISTRY,1498,ROAD CONSTRUCTION DEPARTMENT,STATE,1,0
89,NO MINISTRY,387,DEPARTMENT OF PANCHAYATI RAJ,STATE,1,0
72,NO MINISTRY,1269,Scheduled Castes Dept,STATE,1,0
59,NO MINISTRY,1580,Minority Welfare Department,STATE,2,0
74,NO MINISTRY,289,Fisherman Welfare and Fisheries Development Department,STATE,3,0
82,NO MINISTRY,977,Soil Conservation,STATE,2,0
131,No Ministry,615,Building and Housing Department,STATE,3,0
89,NO MINISTRY,1659,State GST (Finance),STATE,4,0
89,NO MINISTRY,1366,DEPARTMENT OF RURAL DEVELOPMENT,STATE,1,0
56,NO MINISTRY,349,Social Welfare Department,STATE,2,0
60,NO MINISTRY,1652,Industries,UNION_TERRITORY,2,0
82,NO MINISTRY,973,Department of Transport,STATE,5,0
72,NO MINISTRY,1249,Food Civil Supplies & Consumer Affairs,STATE,1,0
89,NO MINISTRY,780,DEPARTMENT OF CORRUPTION AND PUBLIC SERVICES,STATE,1,0
65,NO MINISTRY,1164,"Vigilance Department, Government of Goa",STATE,1,0
72,NO MINISTRY,1281,Co-operation,STATE,1,0
74,NO MINISTRY,298,Backward Classes and Minorities Welfare Department,STATE,1,0
67,NO MINISTRY,1606,Fisheries Department,STATE,1,0
60,NO MINISTRY,846,Animal Husbandry,UNION_TERRITORY,2,0
61,State Government,1639,DEPARTMENT OF TWENTY-POINT PROGRAMME IMPLEMENTATION,STATE,2,0
80,NO MINISTRY,1293,General Admn. & Public Grievance (GA&PG),STATE,1,0
186,GEOLOGY & MINING,1370,GEOLOGY & MINING,STATE,1,0
57,NO MINISTRY,225,ENVIRONMENT AND FOREST,STATE,1,0
82,NO MINISTRY,943,Department of NRI Affairs,STATE,3,0
82,NO MINISTRY,1186,Vigilance Bureau,STATE,1,0
63,NO MINISTRY,872,Department of Ports Light House,UNION_TERRITORY,3,0
131,No Ministry,1319,Rural Management & Development Department,STATE,1,0
74,NO MINISTRY,305,Scheduled Caste Welfare Department,STATE,3,0
131,No Ministry,661,Gangtok Muncipal Corporation,STATE,2,0
72,NO MINISTRY,1242,Coastal Shipping & Inland Navigation,STATE,1,0
66,NO MINISTRY,312,Science and Technology Department,STATE,1,0
89,NO MINISTRY,604,DEPARTMENT OF STATE PROPERTY,STATE,1,0
67,NO MINISTRY,136,UTTAR HARYANA BIJLI VITRAN NIGAM,STATE,2,0
72,NO MINISTRY,1261,Non-Resident Keralites Affairs,STATE,3,0
78,NO MINISTRY,1154,Education,STATE,1,0
189,NO MINISTRY,1496,General Administration Department,UNION_TERRITORY,2,0
86,NO MINISTRY,747,Energy,STATE,2,0
78,NO MINISTRY,235,Agriculture Department,STATE,1,0
58,NO MINISTRY,559,Public Works Department,STATE,1,0
74,NO MINISTRY,267,Mineral Resources Department,STATE,2,0
72,NO MINISTRY,1596,"Official Language (legislative) Commission,Kerala",STATE,1,0
82,NO MINISTRY,981,Department of Mining,STATE,1,0
64,NO MINISTRY,808,Industries Department,UNION_TERRITORY,2,0
83,NO MINISTRY,1087,Administrative Reforms and Co-ordination Department,STATE,1,0
58,NO MINISTRY,526,Chief Minister's Secretariat,STATE,1,0
58,NO MINISTRY,1630,Social Justice,STATE,1,0
85,NO MINISTRY,778,"Highways and Minor Ports Department, Government of Tamil Nadu",STATE,1,0
83,NO MINISTRY,1089,"Art, Culture and Archaeology Department",STATE,1,0
70,NO MINISTRY,723,"Panchayati Raj Department, Government of Jharkhand",STATE,2,0
87,NO MINISTRY,1074,Directorate of Fire & Emergency Services,STATE,1,0
78,NO MINISTRY,1163,Political and Cabinet,STATE,1,0
131,No Ministry,1316,Water Security & PHE Department,STATE,1,0
70,NO MINISTRY,724,"Cabinet Secretariat and Vigilance Department, Government of Jharkhand",STATE,1,0
181,LAND REVENUE,1305,LAND REVENUE,STATE,1,0
156,Personnel,1176,Personnel,STATE,1,0
58,NO MINISTRY,554,Political Department,STATE,1,0
87,NO MINISTRY,920,Department of Agriculture & Farmers Welfare,STATE,1,0
189,NO MINISTRY,1494,Higher Education Department,UNION_TERRITORY,1,0
89,NO MINISTRY,1550,DEPARTMENT OF SUGARCANE,STATE,1,0
64,NO MINISTRY,792,Department of Tourism,UNION_TERRITORY,1,0
58,NO MINISTRY,560,Relief and Rehabilitation Department,STATE,1,0
65,NO MINISTRY,1231,"Planning Department, Government of Goa",STATE,1,0
60,NO MINISTRY,1454,VIGILANCE DEPARTMENT,UNION_TERRITORY,1,0
67,NO MINISTRY,1623,Citizen Resources Information Department,STATE,1,0
195,PERSONNEL AND ADMINISTRATIVE REFORMS,1450,PERSONNEL AND ADMINISTRATIVE REFORMS DEPARTMENT,STATE,2,0
78,NO MINISTRY,241,Finance Department,STATE,2,0
89,NO MINISTRY,392,DEPARTMENT OF LEGISLATIVE AND PARLIMENTARY AFFAIRS,STATE,3,0
67,NO MINISTRY,1644,Haryana Agro Industries Corporation,STATE,1,0
182,VETERINARY & ANIMAL HUSBANDRY,1332,VETERINARY & ANIMAL HUSBANDRY,STATE,1,0
61,State Government,1062,DEPARTMENT OF PUBLIC HEALTH ENGINEERING,STATE,1,0
91,Andaman and Nicobar Administration,1600,Department of Jail,UNION_TERRITORY,1,0
66,NO MINISTRY,314,Women and Child Department,STATE,2,0
76,NO MINISTRY,994,Fire Service Department,STATE,1,0
89,NO MINISTRY,519,DEPARTMENT OF LANGUAGE,STATE,1,0
64,NO MINISTRY,1377,Administrative Reforms Department,UNION_TERRITORY,1,0
65,NO MINISTRY,1349,"Department of River Navigation, Government of Goa",STATE,1,0
78,NO MINISTRY,832,Health Department,STATE,1,0
