ministry_id,ministry_name,jurisdiction,department_count,document_count,pdf_count,validated_pdf_count,failed_pdf_count,unavailable_pdf_count,last_updated
30,Ministry of Road Transport and Highways,CENTRAL,0,761,3,1,0,0,2026-08-19 21:27:46.393316
166,Govt of Maharashtra,STATE,30,8519,36,12,0,0,2026-08-19 21:27:46.416797
88,NO MINISTRY,STATE,69,7297,72,22,1,0,2026-08-19 21:27:46.416797
11,Ministry of Commerce and Industry,CENTRAL,2,1061,3,1,0,0,2026-08-19 21:27:46.414938
83,NO MINISTRY,STATE,50,5229,18,4,2,0,2026-08-19 21:27:46.416797
82,NO MINISTRY,STATE,55,906,15,4,1,0,2026-08-19 21:27:46.415575
86,NO MINISTRY,STATE,26,1120,6,2,0,0,2026-08-19 21:27:46.415575
22,Ministry of Corporate Affairs,CENTRAL,0,1575,3,1,0,0,2026-08-19 21:27:46.395903
58,NO MINISTRY,STATE,50,701,9,3,0,0,2026-08-19 21:27:46.416153
123,Meghalaya Law Department,STATE,1,1896,0,0,0,0,2026-08-19 21:27:46.416797
3,Ministry of Law and Justice,CENTRAL,3,3064,3,1,0,0,2026-08-19 21:27:46.416797
60,NO MINISTRY,UNION_TERRITORY,46,693,3,1,0,0,2026-08-19 21:27:46.415575
70,NO MINISTRY,STATE,29,1085,3,1,0,0,2026-08-19 21:27:46.416153
2,Ministry of Finance,CENTRAL,5,5780,18,5,1,0,2026-08-19 21:27:46.416153
200,Ministry of Cooperation,CENTRAL,0,173,0,0,0,0,2026-08-19 21:27:46.184984
69,NO MINISTRY,UNION_TERRITORY,26,2813,0,0,0,0,2026-08-19 21:27:46.416153
89,NO MINISTRY,STATE,47,555,0,0,0,0,2026-08-19 21:27:46.393973
71,NO MINISTRY,STATE,27,817,12,4,0,0,2026-08-19 21:27:46.394585
5,Ministry of Home Affairs,CENTRAL,7,5745,12,4,0,0,2026-08-19 21:27:46.416153
131,No Ministry,STATE,22,80,3,1,0,0,2026-08-19 21:27:42.801954
64,NO MINISTRY,UNION_TERRITORY,35,1396,9,3,0,0,2026-08-19 21:27:46.395903
16,"Ministry of Environment, Forest and Climate Change",CENTRAL,0,1345,9,1,2,0,2026-08-19 21:27:46.415575
28,Ministry of Defence,CENTRAL,2,888,3,1,0,0,2026-08-19 21:27:46.416153
67,NO MINISTRY,STATE,64,1355,36,11,1,0,2026-08-19 21:27:46.414298
59,NO MINISTRY,STATE,32,771,9,3,0,0,2026-08-19 21:27:46.415575
13,Ministry of Women and Child Development,CENTRAL,0,319,0,0,0,0,2026-08-19 21:27:46.414938
40,Ministry of Statistics and Programme Implementation,CENTRAL,0,49,0,0,0,0,2026-08-19 21:27:46.102722
26,"Ministry of Personnel, Public Grievances and Pensions",CENTRAL,2,325,3,1,0,0,2026-08-19 21:27:46.414298
34,Ministry of Youth Affairs and Sports,CENTRAL,2,130,0,0,0,0,2026-08-19 21:27:46.392662
61,State Government,STATE,40,1252,9,3,0,0,2026-08-19 21:27:46.415575
12,Ministry of Health and Family Welfare,CENTRAL,2,928,3,0,1,0,2026-08-19 21:27:46.416153
20,Ministry of Textiles,CENTRAL,0,248,0,0,0,0,2026-08-19 21:27:46.415575
10,Ministry of External Affairs,CENTRAL,0,351,0,0,0,0,2026-08-19 21:27:46.331562
32,Ministry of Petroleum and Natural Gas,CENTRAL,0,263,0,0,0,0,2026-08-19 21:27:46.257461
112,MPP and Power,STATE,0,20,3,1,0,0,2026-08-19 21:27:38.829499
87,NO MINISTRY,STATE,36,452,6,2,0,0,2026-08-19 21:27:46.332164
85,NO MINISTRY,STATE,33,1218,3,1,0,0,2026-08-19 21:27:46.393316
9,Ministry of Education,CENTRAL,2,1397,3,0,1,0,2026-08-19 21:27:46.416153
72,NO MINISTRY,STATE,33,382,9,3,0,0,2026-08-19 21:27:46.394585
21,"Ministry of Consumer Affairs, Food and Public Distribution",CENTRAL,2,444,3,1,0,0,2026-08-19 21:27:46.393973
90,NO MINISTRY,STATE,1,1184,6,2,0,0,2026-08-19 21:27:46.414938
63,NO MINISTRY,UNION_TERRITORY,38,276,3,1,0,0,2026-08-19 21:27:46.200331
29,Ministry of Information and Broadcasting,CENTRAL,0,171,3,1,0,0,2026-08-19 21:27:46.393316
6,Ministry of Labour and Employment,CENTRAL,0,440,0,0,0,0,2026-08-19 21:27:46.416153
203,Ministry of Earth Sciences,CENTRAL,0,37,0,0,0,0,2026-08-19 21:27:46.416797
80,NO MINISTRY,STATE,17,321,3,1,0,0,2026-08-19 21:27:46.415575
1,Ministry of Railways,CENTRAL,0,292,0,0,0,0,2026-08-19 21:27:46.302676
23,Ministry of Agriculture and Farmers Welfare,CENTRAL,4,829,3,1,0,0,2026-08-19 21:27:46.395244
171,FINANCE,STATE,1,76,0,0,0,0,2026-08-19 21:27:46.414938
74,NO MINISTRY,STATE,46,1190,3,1,0,0,2026-08-19 21:27:46.416153
198,"Ministry of Ports, Shipping and Waterways",CENTRAL,0,412,0,0,0,0,2026-08-19 21:27:46.393316
36,Ministry of Civil Aviation,CENTRAL,0,194,0,0,0,0,2026-08-19 21:27:46.329324
57,NO MINISTRY,STATE,4,238,0,0,0,0,2026-08-19 21:27:46.416153
56,NO MINISTRY,STATE,27,152,0,0,0,0,2026-08-19 21:27:46.064839
76,NO MINISTRY,STATE,20,149,0,0,0,0,2026-08-19 21:27:46.170273
52,Ministry of Panchayati Raj,CENTRAL,0,64,0,0,0,0,2026-08-19 21:27:46.392662
17,Ministry of Housing and Urban Affairs,CENTRAL,0,485,0,0,0,0,2026-08-19 21:27:46.392662
14,Ministry of Heavy Industries and Public Enterprises,CENTRAL,1,89,0,0,0,0,2026-08-19 21:27:46.300669
19,Ministry of Power,CENTRAL,0,317,3,1,0,0,2026-08-19 21:27:46.329324
45,Ministry of Electronics and Information Technology,CENTRAL,0,236,0,0,0,0,2026-08-19 21:27:46.394585
154,Animal Husbandry,STATE,0,9,0,0,0,0,2026-08-19 21:27:42.540421
51,Ministry of Ayush,CENTRAL,0,79,0,0,0,0,2026-08-19 21:27:46.256462
199,Ministry of Jal Shaktri,CENTRAL,1,222,0,0,0,0,2026-08-19 21:27:46.272169
25,Ministry of Social Justice and Empowerment,CENTRAL,2,267,0,0,0,0,2026-08-19 21:27:46.393973
66,NO MINISTRY,STATE,25,220,0,0,0,0,2026-08-19 21:27:46.394585
65,NO MINISTRY,STATE,40,239,3,1,0,0,2026-08-19 21:27:46.300669
37,Ministry of Communications,CENTRAL,2,195,0,0,0,0,2026-08-19 21:27:46.066116
91,Andaman and Nicobar Administration,UNION_TERRITORY,25,270,0,0,0,0,2026-08-19 21:27:46.330409
33,Ministry of Parliamentary Affairs,CENTRAL,0,47,0,0,0,0,2026-08-19 21:27:46.224057
117,Home,STATE,2,41,0,0,0,0,2026-08-19 21:27:46.103291
81,NO MINISTRY,UNION_TERRITORY,1,87,0,0,0,0,2026-08-19 21:27:46.415575
27,Ministry of Culture,CENTRAL,0,245,0,0,0,0,2026-08-19 21:27:46.416153
46,"Ministry of Micro, Small and Medium Enterprises",CENTRAL,0,152,0,0,0,0,2026-08-19 21:27:46.272169
35,Ministry of Chemicals and Fertilizers,CENTRAL,2,106,0,0,0,0,2026-08-19 21:27:46.332733
18,Ministry of Rural Development,CENTRAL,2,436,0,0,0,0,2026-08-19 21:27:46.393316
15,Ministry of Mines,CENTRAL,0,130,0,0,0,0,2026-08-19 21:27:46.331562
7,Ministry of Shipping,CENTRAL,0,206,0,0,0,0,2026-08-19 21:27:46.415575
38,Department of Atomic Energy,CENTRAL,0,60,0,0,0,0,2026-08-19 21:27:46.171275
172,HOME,STATE,1,11,0,0,0,0,2026-08-19 21:27:35.866597
114,Social Justice and Empowerment,STATE,0,5,0,0,0,0,2026-08-19 21:27:35.534580
189,NO MINISTRY,UNION_TERRITORY,15,37,0,0,0,0,2026-08-19 21:27:39.287030
8,Ministry of Coal,CENTRAL,0,101,0,0,0,0,2026-08-19 21:27:46.170273
102,Excise and Taxation,STATE,0,7,0,0,0,0,2026-08-19 21:27:42.975576
108,General Administration,STATE,0,11,0,0,0,0,2026-08-19 21:27:42.662051
120,Law,STATE,1,14,0,0,0,0,2026-08-19 21:27:45.821727
44,Ministry of Minority Affairs,CENTRAL,0,157,0,0,0,0,2026-08-19 21:27:46.223548
121,Revenue,STATE,0,17,0,0,0,0,2026-08-19 21:27:46.329324
78,NO MINISTRY,STATE,15,83,0,0,0,0,2026-08-19 21:27:46.287274
155,Urban Development,STATE,0,8,0,0,0,0,2026-08-19 21:27:42.861211
31,Ministry of Science and Technology,CENTRAL,3,120,0,0,0,0,2026-08-19 21:27:46.415575
101,Education,STATE,0,29,0,0,0,0,2026-08-19 21:27:46.286651
4,Ministry of Steel,CENTRAL,0,36,0,0,0,0,2026-08-19 21:27:46.171275
54,Ministry of Skill Development and Entrepreneurship,CENTRAL,0,35,0,0,0,0,2026-08-19 21:27:46.102722
153,"Environment, Science and Technologies",STATE,0,1,0,0,0,0,2026-08-19 21:27:20.157969
98,Agriculture,STATE,1,5,0,0,0,0,2026-08-19 21:27:38.361969
180,LAW AND JUSTICE,STATE,1,9,0,0,0,0,2026-08-19 21:27:39.286047
163,Jal Shakti,STATE,0,3,0,0,0,0,2026-08-19 21:27:30.839390
109,Health and Family Welfare,STATE,0,10,0,0,0,0,2026-08-19 21:27:46.157868
118,Industries,STATE,0,7,0,0,0,0,2026-08-19 21:27:39.013428
191,HIGHER EDUCATION,STATE,1,6,0,0,0,0,2026-08-19 21:27:45.880607
39,Ministry of Food Processing Industries,CENTRAL,1,28,0,0,0,0,2026-08-19 21:27:46.221804
106,Forest,STATE,0,3,0,0,0,0,2026-08-19 21:27:36.155812
201,Ministry of Environment and Forest,UNION_TERRITORY,1,3,0,0,0,0,2026-08-19 21:27:27.755867
161,Rural Development/Panchayati Raj,STATE,0,2,0,0,0,0,2026-08-19 21:27:26.272645
194,URBAN DEVELOPMENT,STATE,1,2,0,0,0,0,2026-08-19 21:27:31.606414
179,EDUCATION,STATE,1,2,0,0,0,0,2026-08-19 21:27:39.575476
105,"Food, Civil Supplies and Consumer Affairs",STATE,0,5,0,0,0,0,2026-08-19 21:27:45.996692
42,Ministry of Tribal Affairs,CENTRAL,0,9,0,0,0,0,2026-08-19 21:27:37.313153
103,Finance,STATE,0,6,0,0,0,0,2026-08-19 21:27:46.143926
174,TRANSPORT,STATE,1,5,0,0,0,0,2026-08-19 21:27:41.478032
73,NO MINISTRY,UNION_TERRITORY,4,10,0,0,0,0,2026-08-19 21:27:46.200331
156,Personnel,STATE,1,2,0,0,0,0,2026-08-19 21:27:37.639801
107,Cooperation,STATE,0,1,0,0,0,0,2026-08-19 21:27:23.250721
113,Public Works,STATE,0,8,0,0,0,0,2026-08-19 21:27:46.329324
111,"Language, Art and Culture",STATE,0,2,0,0,0,0,2026-08-19 21:27:33.270081
159,Technical Education,STATE,0,3,0,0,0,0,2026-08-19 21:27:38.802136
50,Ministry of Development of North Eastern Region,CENTRAL,0,6,0,0,0,0,2026-08-19 21:27:36.252593
185,PARLIAMENTARY AFFAIRS,STATE,1,5,0,0,0,0,2026-08-19 21:27:46.020433
187,HEALTH & FAMILY WELFARE,STATE,1,4,0,0,0,0,2026-08-19 21:27:37.457458
183,LABOUR & EMPLOYMENT,STATE,1,1,0,0,0,0,2026-08-19 21:27:24.620024
178,INDUSTRIES,STATE,1,2,0,0,0,0,2026-08-19 21:27:28.084488
151,Town and Country Planning,STATE,0,4,0,0,0,0,2026-08-19 21:27:35.652115
184,AGRICULTURE,STATE,1,2,0,0,0,0,2026-08-19 21:27:37.470764
173,PLANNING,STATE,1,5,0,0,0,0,2026-08-19 21:27:40.389882
100,Ayurveda,STATE,0,1,0,0,0,0,2026-08-19 21:27:27.400219
157,Labour and Employment,STATE,0,2,0,0,0,0,2026-08-19 21:27:37.588320
152,Administrative Reforms,STATE,0,1,0,0,0,0,2026-08-19 21:27:30.903365
177,FOREST,STATE,1,3,0,0,0,0,2026-08-19 21:27:46.117232
115,Transport,STATE,0,2,0,0,0,0,2026-08-19 21:27:38.565191
175,PUBLIC WORKS DEPARTMENT,STATE,1,1,0,0,0,0,2026-08-19 21:27:32.945250
186,GEOLOGY & MINING,STATE,1,1,0,0,0,0,2026-08-19 21:27:34.533950
181,LAND REVENUE,STATE,1,1,0,0,0,0,2026-08-19 21:27:37.615286
110,Housing,STATE,0,1,0,0,0,0,2026-08-19 21:27:38.375268
195,PERSONNEL AND ADMINISTRATIVE REFORMS,STATE,1,2,0,0,0,0,2026-08-19 21:27:39.229187
182,VETERINARY & ANIMAL HUSBANDRY,STATE,1,1,0,0,0,0,2026-08-19 21:27:39.227982
